tweet,sentiment
Governments and central banks globally have pledged a dizzying $3 trillion-¬ùand counting. But companies are struggli‚Ä¶ https://t.co/YrbmCS9ZX9,0
Pizza Hut's Struggling Turnaround Weighs on Yum Brands Results,2
"Some gamers accessing Google's new cloud gaming platform, Stadia, through a Chromecast Ultra dongle are reporting trouble‚Ä¶ https://t.co/t6dCbMr0C3",2
What is Yandex? Here's a look at the company that's beating Google in Russia. https://t.co/zEFylkETf0 https://t.co/VOzL5jGbRK,1
$CS - Credit Suisse power struggle mounts - Bloomberg https://t.co/rn1V98jRFH,0
$GOOG - Alphabet's Loon closer to Kenya launch https://t.co/UbTp3i4Zte,0
$GOOG $GOOGL - Google Cloud Print ending next year https://t.co/YoXNBo5hQ2,0
About 200 Google employees demonstrated outside the company‚Äôs San Francisco office Friday to protest the internet g‚Ä¶ https://t.co/FZoqyx7Q9D,0
Another Google Worker Says She Was Fired for Labor Advocacy,0
Exclusive: China's mobile giants to take on Google's Play store - sources,0
Google Assistant launches personalized news playlists,0
Google employees demonstrated outside the company‚Äôs San Francisco office Friday to protest the internet giant‚Äôs rec‚Ä¶ https://t.co/pgD27oIPWc,0
"Google has announced new limits on political advertising, but the decision raises broad questions about what types‚Ä¶ https://t.co/ML0m6zOtF6",0
"Google launched its cloud gaming service Stadia this week, but is it any good? https://t.co/IElF2d1BUY",0
"Google Maps seeks business, transit reviews in new look as it turns 15",0
Google rolls out interpreter to mobile,0
Google wants Cloud dominance by 2023 - report,0
Google Workers Rising Up After Employees Are Fired,0
"Our Person in the News is Sundar Pichai, the new CEO of Google's parent company Alphabet. This week, the tech execu‚Ä¶ https://t.co/2Dx45Bkcgf",0
SGS : Helps Uruguay Customs Detect Major Drug Smuggling Operation #SGS #Stock #MarketScreener‚Ä¶ https://t.co/d9Xs6eTJYD,0
The Silver Lining in Ford's Struggling Chinese Market,0
The three major Democratic committees blasted Google for an ad policy that will allow politicians to run false ads‚Ä¶ https://t.co/TMPBUdH9FB,0
Vodafone moving key operations to Google Cloud,0
States struggling with highest credit card debt? Trump‚Äôs South https://t.co/K1HR5rj8i1 by @SibileTV https://t.co/jFPxfLNasy,0
Franc‚Äôs Ascent Versus Struggling Euro Shows Few Signs of Fading,2
Inside the PBOC‚Äôs struggle to balance China‚Äôs growth and debt https://t.co/gTlQQ5Ry0P,2
"Billionaire investor Carl Icahn is placing a 'big bet' against struggling malls, report says",0
"Billionaire Jeff Greene plowed $90 million into Palazzo di Amore. Now, he‚Äôs struggling to sell. https://t.co/cmC7cWKvxo",0
Citizens are angry and governments are struggling to respond https://t.co/tXlQNOXrpx,0
The mother of an Israeli woman imprisoned in Russia on drug-smuggling charges has asked Vladimir Putin to pardon her https://t.co/QiswIyFmzT,0
"Today is #BrexitDay - so now what?

Here are your most-Googled questions about Brexit, answered by @Jess_Shankleman https://t.co/V72zSgbNnc",0
Tom Brady is struggling ‚Äî is it time for him to revisit that Wall Street gig? https://t.co/TYEkxMwOkT,0
"Top Google Pixel 3, 4, 4 XL Black Friday Deals 2019: All The Best Pixel Savings Rated by Consumer Walk",0
US Forces Attack Boats¬†Caught Smuggling¬†Oil To Syrian Government https://t.co/sNowxtNXpw,0
Video of Serena Williams & Olympia Dancing to Pampers‚Äô ‚ÄúWild Child Wiggle‚Äù Available on Business Wire‚Äôs Website,0
Western democracies are struggling to balance the geopolitical challenge of China with their need for 5G technology‚Ä¶ https://t.co/8VYK3Jcdcr,0
"If You Invested $10,000 in Google's IPO, This Is How Much Money You've Have Now",0
UK watchdog probing Google-Looker deal,2
$GOOG $GOOGL - Google rivals want EU to investigate vacation rentals https://t.co/8nXAOxhcqG,0
"Expedia, TripAdvisor and dozens of other travel firms ask the EU to investigate Google, claiming it favors its own‚Ä¶ https://t.co/fB7GaRtHF1",0
U.S. Justice Department to review Google's deal for Fitbit - source #Stock #MarketScreener https://t.co/G2O4PZUjNh https://t.co/TbDKLJ0j6E,0
$VWDRY - Google drops plan to buy stake in Africa's biggest wind park https://t.co/rW0gmfJTVS,0
Google acquires CloudSimple to ease VMware implementations,0
Google Makes Another Cloud Acquisition During Antitrust Probe,0
"Google's plan to buy a stake in Africa's largest wind farm has ended after delays to the project, Danish wind turbi‚Ä¶ https://t.co/PCK3gO1dAa",0
UK housing market on hold due to coronavirus crisis - Halifax https://t.co/8D4d4gglsF https://t.co/VTgijLEfGA,2
The EU‚Äôs trade chief warns that post-Brexit Britain and the EU would struggle to reach a free-trade agreement befor‚Ä¶ https://t.co/RG2REXsqKQ,0
Labour struggles to recapture ‚ÄòRed Clydeside‚Äô https://t.co/fFTLbvTGIF,0
"Hedge Funds Are Crazy About Heidrick & Struggles International, Inc. (HSII)",1
"RECAP 12/10 Chatter:
$HOG + Vague Chatter
$IBM + Starboard
$FIT - $GOOGL Deal DOJ Probe
$TEN + $APO Powertrain Bid‚Ä¶ https://t.co/Lq97sF4HGj",0
NVIDIA's New Cloud Service Could Spell Doom for Google's Stadia,2
Publicis Signals Worst May Be Over for Struggling Ad Group,1
"As department stories struggle, Nordstrom makes a play in New York City",0
Google Stadia review: The game streaming service works ‚Äî but it‚Äôs missing key features,0
"Struggling British luxury carmaker Aston Martin aims to rustle up a $650 million capital boost, led by Canadian bil... https://t.co/tpgeI6vmuo",0
"U.S. Congress seeks answers on patient privacy in Google, Ascension cloud deal",0
Small U.S. businesses were already struggling. Then coronavirus hit https://t.co/hT3SLBlI3c https://t.co/vMqjAebRe4,2
"üñ•Ô∏è Google new quantum computer that can perform computations in 200 seconds that otherwise would take 10,000 years https://t.co/wxZxiFnotV",0
"$GOOG $GOOGL - Alphabet: Flying Right To $1,700. Read more and get updates on any stock! https://t.co/cdftwzEnYJ #economy #finance #markets",0
GOOG - ower trend line channel test & volume support.   ,1
GOOG go ONG on close above 725.,1
"When AMZN monetize all electronics it makes with traffic to marketplace, AAP GOOG will wake up and say why didn't we buy EBAY",1
AAP and GOOG should respond positively to good jobless claims numbers,1
GOOG looks all set to make new ATH. Now before or after E is the unknown.,1
GOOG trade this one long verse 10sma  ,1
I am going into this morning long 3 each AAP 560 call options & GOOG 725 calls Jan 4th expiration,1
Maybe when vrng asked the judge for a 7% royalty it became too risky for goog to deal with?  they want to settle,1
GOOG poised to clear this next resistance (buy / add area) watch action / volume closely here   ,1
sold a little goog ...first time in a while,1
VNG - Take a hard look at GOOG FTC settlement over patents.  FTC making GOOG play nice with VNG?  Makes Sense  ,1
some worried I had gone OCO with my 737.71 up call for GOOG ! now at door step of nearly 40 move  ,1
GOOG  is getting fueled by AAP's reversal.,1
As goog explodes and aapl implodes MINTE 21 to 23 of user vid from a few years ago have Mark nailing the subject  ,1
GOOG And on enko w/ a PF Box size of 50 it looks like a failed breakout  ,2
"GOOG, I like it with a close above 744.96",1
GOOG with simple Fibonacci projections on close over 739. 127.2% at 766 and 161.8% at 802  ,1
A Tale of Two Stocks  AAP GOOG SPY QQQ,1
"NFX shorts should be paranoid on every close as a buyout will come 1 night from aapl, msft, goog, amzn, etc.  dominate webtv long nflx",1
744.96 IS A great level for a close on GOOG,1
"et the angry, anecdotal comments begin: Why I still think BlackBerry & IM are doomed.  IMM AAP GOOG NOK T VZ",2
GOOG so far so good in premarket. If the averages help this could get above 745 today.,1
"its time to put GOOG under the warming lamp and get some heat into it, just languishing for now  ",1
"GOOG averages trading up, and this is lagging now. Actually near the lows. Not what you want to see. Strong support at 736-737.",2
AMZN has momentum. Its a better buy than AAP or GOOG for now. Close above 270 might push it to 300 quickly.,1
GOOG that's some nice and fast move off the lows.,1
GOOG and AMZN showing some early weakness.,2
"The GOOG daily chaos event is looking good green line is moving above white, just like dec9 move  ",1
Big win for brokers... New Mini Options Bring Big Changes For Traders  via user SPY AAP GOOG AMZN GD,1
GOOG and AMZN calls are on my watch list for a day trade.  Taking a break from AAP,1
"user: GOOG put options at 8 year high, interesting",2
"WOW, just saw the price of next weeks (E 1/22) GOOG 720c at 20!",1
Bookmark arry Page on why Moonshots matter ...must be why options markets exist :)  goog,1
"WMT - H/S, struggling at the 200dma as well, MM target about 10 handles to that gap fil below   ",2
GOOG - has potential for slightest disappoint stock could gap 50 points down - did it - Q4 earnings of 10.58 per share,2
GOOG november repeat 760 to 660 - good put spec call here,2
GOOG glasses will definitely give AAP a run for their money...  ,1
Buying back the goog i sold in 730's on the stream a few weeks ago,1
"In about 20 minutes, some yutz in his 70's  will leak GOOG earnings at some firm that should not exist deep in the bowels of wall street",1
"When GOOG beats estimates, stock averages 2.7% gain. When it misses, shares fall 7.9%  via user",1
GOOG > I made a slight change by relocating wave 3 to last Friday's low.  ,2
GOOG lower trendline adjusted  ,1
GOOG is the best. chrome on IOS it better that safari. goog innovation is far better.,1
goog short 738. Think they will sell into the open tomorrow. Would be lovely and same procedure than every quarter  :) Good Night Guys!,2
"GOOG thank you for the sake of my calls, will love to see you go higher in the morning!",1
IBM GOOG AAP FB COMPQ SPX 79.6% of S&P 500 Stocks Overbought   ,2
Good stuff user: Google Earnings eview: Hopeful Signs in a Multi-Screen World  GOOG XK,1
Positive GOOG earnings pushed NQ_F higher and it finally looks in sync with ES_F & YM_F  QQQ SPY DIA,1
"GOOG much better positioned than AAP.  Does not rely on hardware sales, less competition, search monopoly, better vision.",1
"user: IBM up 3.7% in pre-mkt, GOOG up 5.2.  eaction to tech good, despite warts on both quarters",1
IBM and GOOG adding to gains in regular trading hours. I like them both but I prefer GOOG above 745.,1
"If GOOG holds up above 745 today on good volume, very bullish",1
Did you like my IBM calls and GOOG calls from last night?,1
GOOG Nice jump!  ,1
GOOG clearing next buy area per video this morning  ,1
bought a little aapl at 510 ... pressing my position a bit because GOOG to me is just prooof of an expanding mobile pie.,1
"IBM and GOOG earnings beat, and SPY barely budged. ooks like AAP needs stellar earnings to keep bulls raving. more than 14 per share",2
True that user: I think market is telling AAP not to let go mobile to #Android the way they lost lap/desk top to #windows. GOOG MSFT,1
GOOG 15 min dot alert subscibers have made out HGE on these signal!! OMG that it serious good  ,1
Super shot - user: Please help me get this viral. I mean what a putt under pressure  GOOG,1
"What would I pay for Gmail.... 1,000 year, 2,000 ? I mean how do you value something so extraordinary ... goog",1
GOOG here is the leader of the pack for the ride down gap fill to 710 coming any higher is a joke,2
GOOG holding up well,1
GOOG deciding what strike to buy into the close for calls. AAP has been flagging since yesterday.,1
GOOG patience still here - mkt goes red big so does this,2
You have to wonder where Fidelity Contrafund added more where they reduced their AAP. It sure looks like GOOG,1
GOOG I expect a new 52 week highs in the coming weeks.,1
Two trades I'm eying GOOG and GD.,1
AAP GOOG FB IMM - IM dies to reinvent BlackBerry Z10   ,1
GOOG is hitting its head on the up trend line it broke I like 755 puts GOOG130201P755 at 2.60  ,2
What are you thinking on a GOOG entry? A close above 765 or 776 ?,1
GOOG will make new highs soon. Surprisingly option premiums are very cheap.,1
GOOG only 10 points away from new hold time highs. This market leader continues to lead  ,1
Nailed GOOG today.,1
QQQ with the Qs breaking above it basing pattern today I expect GOOG to hit 800 withing the next 2 weeks!!!!,1
VP Drummond of GOOG sells 190 shares. He can be an outstanding trader based on his timing.,1
GOOG lookin good,1
"GOOG with need a bit more time to break 775, we might get it by EOD though.",1
3 calls for 2day. SPY and GOOG makes new highs and GS goes above 149+. All came to fruition. Market has been kind 2 me.,1
"GOOG just like we said 7hours ago, it is national GOOG puts week. Easy +50% option scalps. NFX puts here we go..weeee!",2
GOOG this market leader continues to hold up well  ,1
GOOG(long if beats 778.71. Stop loss 773.91) & YHOO(long iafter beating 20.27. Stoploss 20.16) fit well the advertidsing deal,1
BBY Headed back to 5 on over saturated Cell Phone Market - That GOOG will own as next mobile Microsoft OS.,2
GOOG it's acting really good despite the choppy tape.,1
GOOG IGV #Google #Software firing on all 3 cylinders compq NDX  ,1
user: GOOG Eric Schmidt to sell roughly 42 percent of stake  ,2
I just legged into GOOG  780! Why? Sergey & arry aren't selling any of their shares...and Eric's keeping a few. :-) ,1
GOOG can break above the old 52 week high of 786.67 tomorrow. It gave us another green candle on the daily and weekly! What a beast!,1
"GOOG has been trading like a leader, ride it until it stops.",1
For the past 8 years GOOG booked an avg return of -6.5% during Jan to Mar option expiration. It has posted positive returns for 2/8 years,2
For the past 8 years GOOG has posted a Best return: 10% Worst return: -28% during the Jan to Mar option expiration time frame,2
The ise of Google Play: App Annie Index January 2013   h/t user GOOG AAP,1
Majority of eading Stocks regularly lag NQ_F & ES_F on strong up days.  AMH QCOM KS GS SSYS KBH FT GOOG,2
"With the mess that Twitter andThe Grammy's made of Hashtags #sting (are you kidding me), excited for GOOG to just step in and print  off #",1
GOOG stopped out of half --,1
Google will open its own stores by the end of 2013 GOOG #bull,1
GOOG this market leader is heading to next Century mark 800 could see resistance  ,1
GOOG crosses above 800 wow !!  ,1
GOOG sold 1/2 of long position   ,1
"user I agree, GOOG is severly overbought in this overinflated market.. expect a short position from me soon...",2
user: GOOG Stop loss in 803.79 after beating 805.00,1
GOOG Stop loss in 804.41 after beating 805.50,1
GOOG  I only use Google. Heck I use Google for everything. I don't own the stock but I am still bullish on it.,1
"GOOG notice volume still coming in on up days, looks solid  ",1
GOOG Glass is coool  ,1
ties into user 's #fashology theme... GOOG + Warby Parker.  ,1
"trade idea Buy GOOG  795, target 980, cut below 740  ",1
user Why is BAC struggling to get up and moving today? > IMO We fill the gap & go p after !,1
"GOOG reminds me so much of AAP in Sept  bouncing around the all time high.. no new products on the horizon, time to sell, buy back later",2
GOOG is now doomed user is calling it COO! SE SE SE,2
"user: Bulls are trying to keep this market in the green, but you can tell its a struggle. Nasdaq now up just 8 pts. AAP fading",2
user: GOOG is rolling over and AAP is rolling up...rotation time. Always bothered that GOOG does 10x less vol? fast exit,2
"GOOG no traction,no vol,  3rd day lower, last option day of the month... flush?",2
user:Glass potential to make everyone a spy or a creep GOOG ~ appeals to hipsters & pervs & if voice cmd is as bad as siri oh-no,2
GOOG update alert: Almost 100% today! Now harm in selling half and let the other half ride with a trail stop,2
AAP GOOG IMO stock splits has wealth effect ExBuy100 shares WMT in1970 worth 14+Million receiving 300k+yearly SDIV Ex KO GIS MCD Etc,1
Everyday I have a great Hangouts experience and business use case... goog,1
"overall market up,  AAP going down.. GOOG is about to pop 800 again",1
ove the price action so far considering the tensions out there and volatility... GOOG and NKD strutting (long),1
user: GOOG and AAP are really showing off... They both look like male peacocks here. AAP with 10X volume 2X market cap,1
chear up AAP holics allot of bulls just got butchered at GOOG,1
Split adjusted ...Kansas City ailroad was 25 cents in 1984 and just 10 in 2009. Today an all-time high of 104. Short AAP GOOG hmmm!,1
MA - Been struggling with vol. resistance all year. Watching closing for a long position.   ,1
AFFY GMX GOOG NVA THD MACK 5 Stocks Poised for Breakouts - My story via user  ,1
eview Of Open Positions - Stocks -  AEE AN ASGN GMC GOOG HTZ NKD PO SWI V,1
Chromebooks...the future...  goog aapl,1
user: GOOG gonna take out 2x AAP shortly now all it has to do i split the stock 10X for an accurate penis measurement,1
GOOG 1000 PT coming soon!,1
"AAP has 939M shares, GOOG has 329M shares MSFT has 8.38B shares so close to = share price puts Goog around 285, AAP 425, MSFT 271",1
AMZN GOOG and CM move higher as the NQ_F turns green,1
"user: AAP GOOG etail - dont get stuck holding google bag like you did aapl, google a sucker high here 1/10 the vol=  fast fall",2
user:400 delta between AAP and GOOG today is possible As soon as GOOG does a 1:3 split will it be comparable + > 1/10 vol?,1
"user: AAP After google hit bottom a few yrs back, it rallied for a year. What's your time frame? 10 X 420 Jan 2015 !",1
"user: GOOG almost 2x AAP now, gonna hit it tomorrow, prob 824/412. please check your facts AAP is 2.85x more than GOOG +10X vol",1
user: AAP Motley fool says apple gets to 1k b4 GOOG on CNBC since AAP has 2.85x more stock it is already over 1200 IMHO,1
user: GOOG at 830 feels a OT like AAP at 705. .feels very overextended here. CATION are you afraid of that OW 800k Vol?,2
"lots of good ideas are to earl AAP didn't invent tablet just introduced it when right,  goog glass=smartphone/glasses perv device",1
user: Is GOOG ripe for shorting yet?  looking for that 10%-15% drop? it happens in a second with the goog (low Vol),1
user: user AAP  GOOG Glass is not a rumor.Gglass is a s/phone/glasses *perv alert* & women hate  ,1
"user: why curse GOOG by raising target to 1,k? (currentlyAAP is trading at 1200 FYI)    stock price = dick size (or lack of)",1
AAP & GOOG it is all Skynet trading right now lockstep 3 Pm it will get exciting again,1
seen to outperform peers this week: NF CEG PCYC N MWIV GW VMI TM NKD GOOG MPC ADS ATHN CEN BIIB MIDD MSI,1
"GOOG keep in mind there are about 1,000 contracts offered at 20 in the Apr 850C. Could temporarily create resistance or a sell off",2
Can the AAP iPad escue a Struggling American Education System?  ,1
"GOOG to Face Off with FINA, Exchanges in Audit Trail Bidding  ",1
"user:  I still say AAP  1k before GOOG don't show your ignorance, right now AAP has x 2.85 shares or 1211 equal basis",1
user: user: user:  I still say AAP  1k before GOOG ignorance is bliss my friend and an education is expensive ;),1
GOOG Ice Cream Sandwich and Jelly Bean Are More Popular Than Gingerbread  ,1
Talking headsCNBC talking the GOOG~ AAP rotation suggest max target 840 unless strong move on AAP then it will be like a teetertotter,1
DDD IMO The 3D Sector will pay off SH andT CIMT ONVO DASTY PCP SSYS ADSK and NANO TEC will be Next gen of AAP and GOOG stock,1
"Short GOOG 830, hedge of ong pos",2
GOOG looks heavy but volume is drying. eal selling pressure comes with above average volume.,2
GOOG nibbled on buying goog into the close 830 GS 153,1
GOOG setting up for another push higher. Still within a larger 3rd wave...with (v) of 3 to come...  ,1
user: GOOG Doing some well deserved rest after the recent gap up  ,1
AAP back in  long (hope this time works out better then the past 300)- GOOG too :),1
Big EOD otation that we have been waiting for? GOOG -->AAP ?,1
Short 828.30 GOOG 350 shares,2
Covering half +2.00 user: Short 828.30 GOOG 350 shares,2
Stopped on rest of GOOG +1.25,2
user: user GOOG how do you know GOOG is going to 700 ? Can you share that reasoning with us? he is a George Castanza,2
"Missed the close (technical difficulties). I remain short the SPY, closed out my GOOG short for a profit. ong some VXX. Higher b4 lower.",2
"GOOG 1st target on short is around 822, needs to stay below 825",2
"user: AAP up 3.91 Goog down 3.98  really guys? GOOG going to drop hard, AAP going to pop, almost 2:1 stock price diff",1
"user look at GOOG, every single switch=PAYDAY. Just need discipline to stick with it.  ",1
".user clearly, if (but not until) the 20MA cracks and GOOG goes VSS, it is a short straight to the 50MA (I'll use OTM puts)",2
"Google Closes The Book On eader, Announces July 1 Sunset  GOOG Personally quite disappointed to see this service go!",2
GOOG Seems there is more downside pressure to come. More picks at   ,2
user: GOOG NFX AMZN down - AAP up WTH The great rotation back? to AAP ?,1
Posted GOOG topping pattern(compared to AAP) yesterday.   Those April puts are paying nice today.  ,2
"NQ_F Whatever GOOG arry page's illness is,it has to be neurological.There's no such thing as monotone voice laryngitis. I asked Dr drew",2
GOOG may roll over here,2
GOOG 815 1st tgt,2
GOOG stock will never see 820 again wouldn't be suprised if every insider sold here above 800 - wouldn't you - oh my thats alot ,2
GOOG pulling back in very light volume. Note the weekly.,1
GOOG - not looking good here. Near the 20 day and T; watch for a break of them  ,2
"GOOG similar to other leaders like JPM, held first support, testing underside of MA's  ",1
Surprise! GOOG chairman Eric Schmidt uses.. a BBY  ,1
SHOT Setups: GOOG OVTI AN DOX WN CTXS OC PANW  ,2
GOOG trying some short here around 809,2
GOOG will look to cover little around 808,2
GOOG short next tgt 806-806.50,2
"GOOG short, moving slower than I expected, covered a little more here around 807.50, 809.20 stop now",2
GOOG having a hard time with 810,2
GOOG 809ish stop on rest of the short position,2
GOOG still under ma10...just a few more days,2
"GOOG short, 804.20 stop on rest",2
GOOG tightening stop on rest - 803.2,2
"GOOG 801ish 1st tgt, 803.20 stop",2
SHOT Setups: AAP GOOG BBY  ,2
GOOG will add to this short position when breaks 3/18 lows on volume (winning trade)  ,2
GOOG AAP short positions for days paying off nicely 30+ gians VIDEO   ,2
"GOOG puts worked today, and so did CEG calls    (V options +100% this week)",1
GOOG  ?Qu? esperas para caer de una vez?,2
"GOOG  Dont you see what is AAP doing? Fall Fall, damn it....",2
"GOOG in the 795 puts for .55, AAP is Crashing!",2
GOOG Slipping!,2
"GOOG  The leaders move first and then the index follow, and not the other way around...",2
GOOG New OD!,2
GOOG and AAP  they want out for April earnings?,2
"GOOG both FB and AAP down almost 2%, trap door coming for the GOOG!",2
"user: GOOG next stop 750 area ?~~First has a date with the 50 SMA - EMA, if it goes below that then you?ll be right",2
VMI GOOG punch below bottom BB. both are ridiculously oversold imo.,1
Identified this topping pattern wks ago(  )  Here is the AAP / GOOG  update  ,2
Next week a nice pull back to 438 on AAP and 787 on GOOG could really set the QQQ up for it's run over 70.,1
Google will be √¢‚Ç¨≈ìrecalibrating√¢‚Ç¨¬ù its focus and pace of investments in areas like data centers and machines√¢‚Ç¨‚Äùthe compon√¢‚Ç¨¬¶ https://t.co/rl7UUQfOhg,1
RT @Trefor1: Renault is shutting its main China business. And it probably won't be the only struggling foreign auto maker to wave the white√¢‚Ç¨¬¶,2
"RT @joannechiuhk: The banks for years rode consumer spending and borrowing to big profits. Now, they are preparing to struggle alongside th√¢‚Ç¨¬¶",2
"The banks for years rode consumer spending and borrowing to big profits. Now, they are preparing to struggle alongs√¢‚Ç¨¬¶ https://t.co/sJ5Ykau6Id",2
√¢‚Ç¨ÀúThe Mooch√¢‚Ç¨‚Ñ¢ is facing one of his biggest tests as SkyBridge struggles with the poor performance of its hedge-fund m√¢‚Ç¨¬¶ https://t.co/FffRTBcKg7,2
"U.S. statistical agencies are struggling to measure the economy during the coronavirus pandemic, with lockdowns and√¢‚Ç¨¬¶ https://t.co/iGobI7faYh",2
New industry data provide the first hard look at how many Americans are struggling to make rent during the coronavi√¢‚Ç¨¬¶ https://t.co/jnD95fmOz6,2
"Overwhelming demand, mass absences and a restive workforce. Amazon struggles with its coronavirus response. https://t.co/IepzajuiU0",2
"Small Businesses Struggle To Pay Wages Amid Coronavirus Lockdown
https://t.co/dy4BoxDLZB",2
"Sensex, Nifty Struggle To Stay Positive Amid Volatile Trade
https://t.co/0Jgj1Hwx50",2
"A lot of great stocks out there trading at a discount

Given the volatility in the market, it is always important to LAYER into your positions

10 Stock Watchlist:
$AAPL
$MSFT
$GOOGL
$V
$MPW
$O
$TROW
$SBUX
$TGT
$DLR

What is on your watchlist?",1
Congrats to all the $AMD and $GOOG bulls üçæ,1
Bullish $GOOG,1
"I like for moat, revenue, growth and p/e ratios
$tsm 
$fb (nice p/e ratio)
$goog
$coin 
$qcom",1
I think $GOOG and $AMZN are the best buys right now.,1
Still no reaction from tech stocks with yields dropping like a stone. These are the companies most resilient with earnings... $MSFT $AAPL $NVDA $TSLA $GOOG,1
"Michael Burry's latest 13F is out!

Here's his Top 5 Holdings (% of port): 

- Apple $AAPL Puts (18%)
- Bristol-Myers $BMY (11%)
- Booking $BKNG (9%)
- Discovery $DISCK (9%)
- Google $GOOGL (9%)

He exited: $GEO, $GD, $CXW, $FNF, $IMPX

He also bought Facebook $FB üëÄ",1
"#investments 

$GOOGL -1.38%
What's the matter?",2
"When the smoke clears, the same problem for investors will remain - what is the best investment alternative?
Passbook savings / CDs? No
Bonds? Ummm, I don‚Äôt think so
Real Estate? Not for the long-term.
In the end, it will be $AAPL $GOOGL $AMZN along with high-divs like $IRM",1
"16,844 crypto currencies. 80% of them are pure garbage
DISCUSSION
According to Coin Market cap there are 16,844 cryptos out on the world market although Coin Gecko shows 12,463. Still, that's a shitload. No wonder some of my non crypto friends think crypto is simply a penny stock market. Those of us in the space know some project have very good intentions and fail. Some succeed. Some just hang out. But so many others are pure scam and we all know it. I guess that is the price of decentralization and I sometimes struggle with this. We don't believe in censorship so why would we be in the business of telling new projects they aren't allowed because we are already too many in the room.

Sadly too many people will invest their life in dumb things like squid game tokens only to find no liquidity when trying to cash out. Others will simply be rug pulled. The worse part is the hit we as investors and believers of fundamentals take as it creates a bad reputation and gives crypto a terrible image. If politicians and regulators should have a beef with anything about crypto its these shady scam projects but how to determine a shady scam project until it is officially a scam. Many people in the crypto world still say Shib for example is a scam and that's their opinion. Many people not in crypto say Bitcoin is a scam. Many bitcoiners say ethereum is a scam and so on. So where do we go from here? One critique politicians often use is crypto can't police itself when it comes to these scams and rug pulls so they need harsh and strict regulation to be enforced and penalized. How can crypto police itself when project tribes can't stand each other and all they do is throw each other trash on twitter.

My hope is that in time as more and more people come in there are better educational tools for noobs to be aware of what is a fire hazard but I am not optimistic. People will do what they want to do in hopes of hitting a moon shot and some shady scammers know this so I imagine that number I typed in the title will likely reach 20,000 or 25,0000 by the time 2022 is over.",2
"Haven‚Äôt been in a while but the last time I visited r/terraluna it was completely overrun by these detached moonbois. Yet only a few pages further were people contemplating suicide.

Mind boggling",2
"As a developer, yes, it‚Äôs good, in large part because of its first mover advantage.

Ethereum has the largest and most active community of developers by a factor of 100, I would estimate. This is a massive advantage for any technology platform. It means there is great documentation, tools, APIs, and resources that make it easy to learn and build with. Got an obscure question about the feature you‚Äôre building? There‚Äôs probably some help guide, Stack Overflow post or YouTube tutorial to answer it.

And that massive developer community also makes it much easier for startups and businesses to hire engineers who already have experience (and for any new skills, again, they can often just Google the answer).

That‚Äôs probably not what you expected to hear. You likely wanted some analysis of TPS or scalability. Ethereum chose the most logical solutions for scalability: a lightweight layer 1 PoS system with sharding and excellent layer 2 options for high transaction throughput. And because they have been focused on that goal longer than any other project, they are by far the most reliable, robust and decentralized smart contract platform available.",1
"Personally, i invest in BTC and ETH.

Reason? Diversification. If the trend of getting everything online and the whole Metaverse thingy continues, then gains will also continue. The rate of adoption is increasing consistently. ETH is a whole new ecosystem with insane amount of applications. Sure, other better crypto could replace it, but so could a better search engine replace Google and yet I'm not too worried about that. BTC is the first real money/property/store of value (whatever you want to call it) which gives you complete control, is decentralised and predictable (you can see the code).",1
"$GOOG over the 200
",1
"$GOOGL $GOOG Good volume velocity for the day 10% of 10 day vol in 5 min. Watching.
",1
"$GOOG nice move again today off break even with 130m trend
",1
"$GOOG grind up to $575 next week at this rate
",1
"Big tech growth finally starting to see some good accumulation $GOOG $FB (long)
",1
"Facebook Open to Working With Google on Connectivity Projects:  
",0
"Facebook Challenges Google With Product Ads
",0
"  Logging in now to live stock chat http://t.co/ndv5bWOOj4 $GOOG $AAPL $FB $EBAY #options #stocks #daytrading 
",0
" $AAPL $AMZN $FB $GOOG $GOOGL $VZ $SPX $STUDY Read our thoughts here
",0
"A Value Stock, Or Neither? $AAPL $AMZN $FB $GOOG $GOOGL $VZ $SPX $STUDY Read our thoughts here
",0
" Check this #money #moneymanagement $ATEN $GOOGL $AAPL https://t.co/jfUsK6aNHI
",0
"Apple hiring big brains in car battery space:  http://t.co/9J78QhYHx0 $AAPL $GOOG $PCLN $K
",0
" Apple Loop: Dying For Your iPhone, Google Infects iOS, Motorola Slams Apple: 
",0
"Yelp Buys Some Defense Against Google and Facebook
",0
" Facebook has redesigned its mobile app to comply with @google's Material Design
",0
" $FB:US Cyber Security Summit Puts Tech Giants Apple, Google, and Facebook in Focus #FACEBOOK INC  http://t.co/nQ6Bg7xMAw #SP500
",0
"What Facebook, Google and Apple do with your data after you die
",0
"Helpful video for stock options beginners!! http://t.co/8g4lUZPHEF $GOOG $AAPL $GOOGL $AMZN $FB $FEYE $FXCM http://t.co/o6HlTpZaZR
",0
"$FB $AAPL $GOOGL certainly the names we focus on our free newsletter 
",0
"This Analyst Just Said $TSLA $AAPL And $GOOGL Could Put Porsche, BMW, GM And $F Out Of Business
",0
"Logging into Option Millionaires LIVE chat NOW! $GOOG $AAPL $VIX
",0
"THE BINARY OPTIONS COMPETITION WIN $100,000 $LNKD $AAPL $GOOGL $GOOLD
",0
"$FB, $BABA, $BIDU, $EBAY, $GOOGL Book Value Trend Comparison
",0
"Compare brokers to find the right one for you- US Tech Giants $MSFT $TWTR $AAPL $FB $GOOGL #spreadbetting #cfd   
",0
"$FB, $BABA, $BIDU, $EBAY, $GOOGL R and D Trend Comparison    
",0
"Our up to date record on trading $AAPL $AMZN $FB $GOOGL $NFLX $TSLA is now 145-22. 10-30% returns. Join for free
",0
"$FB, $BABA, $BIDU, $EBAY, $GOOGL Revenue Trend Comparison   
",0
"You could be paying 5x higher spreads for US Tech Giants $MSFT $TWTR $AAPL $FB $GOOG #spreadbetting #cfd
",0
"Follow me into live stock chat! $GOOG $PCLN
",0
"What will the $DOW do tomorrow? $GOOG $AAPL $FB $EBAY #options #stocks #daytrading 
",0
"5 Must-Own Dividend Stocks For 2015: $AAPL $GOOG $PCLN $K 
",0
"$GOOG $GOOGL $AAPL Live Webinar Understanding Currencies - Update from Option Millionaires -
",0
"RT @MuniprasadGutha: #Nifty snap shot analysis for 23.3.15 onwards $AAPL $GOOG $TWTR #Stockmarket  
",0
"$GOOGL Earnings Trend Comparison   
",0
"Rumours: MT @LearnBonds Twitter: 5 Reasons Acquisition Looks Unlikely $TWTR $GOOG $AAPL
",0
"RT @stocknugget: What will the $DOW do tomorrow? $GOOG $AAPL $FB $EBAY #options #stocks #daytrading
",0
"Logging into Option Millionaires LIVE chat NOW! $GOOG
",0
"Google Hangout earlier: Finally A Trend | $AAPL 
",0
"Top 5 Stocks of 2015 Free HD Video!!!! $GOOGL
",0
"RT @Sara20992: THE BINARY OPTIONS COMPETITION WIN $100,000 $LNKD $AAPL $GOOGL $GOOLD #bones #options #forex #forextr   
",0
"Here's a place where you can connect with successful daytraders $GOOG 
",0
"$GOOG bought march 550 puts at 8.4 hope it was the right move
",2
"$GOOG Testing the top bollinger. Substantial drop tomorrow. 
",2
"$GOOG 550 put bought
",2
"$GOOG should get sold on this net neutrality nonsense
",2
Zoom Enters an Awkward Phase2 min read $FIVN $ZM $MSFT $GOOG ,0
"its WATCHLIST and LESSON time in the discord. lets get the ball rolling. 

$DWAC $GOOGL $AMC $SOFI",0
"Interesting stat, would have thought:
1.  Azure
2. AWS 
3. GCP

$AMZN $GOOGL $MSFT ",0
$googl sellers coming in 2530 is LOD,2
"@Benzinga $Googl its down, but also $aht",2
@BlueOceanInv @TickerSymbolYOU $MSFT? $GOOG?,0
$GOOGL ShiftPixy Announced Launch of Robust NFT Gamification Loyalty Program üÜô,1
"Philippine Air Eyes Exit From Bankruptcy in Few Months, CFO Says $GOOGL ",1
$GOOGL Alphabet - Class A Option Order Flow Sentiment is 72.5% Bullish. ,1
"$BTC 

Thank you $GOOGL Ô∏è",0
$MSFT entire IT sector of $SPY extremely red but this leader is holding up. Mega caps very strong getting positions in $AAPL $GOOGL,1
Mastercard on Amazon; Paulson Appeals to Yellen: NEF Update $GOOGL $V $MA $AMZN ,0
"ECLECTIC ASSOCIATES INC /ADV,has filed Form 13F for Q2 2021.Opened NEW positions in $GOOG $QQQ $TGT

Try Insider Forms mobile app, get realtime notifications and more

",1
üëã $googl,0
"Extremely excited for earnings tonight. Let‚Äôs go $GOOGL $AMD $PYPL $U 
I‚Äôm a passive investor but these are some of my growth holdings. Good luck everyone holding these",1
"$Goog at p/e 25 seems like great  value tbh, assuming they continue to grow ",1
"@GMEstockApe2021 @JesseRakusin @jimcramer Are you saying buy $GOOG $AAPL and $MSFT ? Yes, yes, yes",1
"Watching $COIN sell off during #crypto volatility is actually mind-boggling. You do know that volatility is like 90% of their revenue, right?

This reminds me of 2020 $JPM &amp; $GS which tanked before everyone remembered they profit immensely from volatility too (with Fed put ofc).",2
"$GOOG Insider O'Toole Amie Thuener has Sold 42 Shares.
Title :VP  Chief Accounting Officer
Total Cost: $115,744.02
Buy/Sell  : Sell

Try Insider Forms mobile app and be notified in real time

iOS App Store: 


Android Play Store: 
",2
"Free VIP call of the day: $GOOG and $GOOGL puts and shorts they got hit with antitrust everyone
Free discord link on our site:
",0
@The_RockTrading Holding your $300 $MSFT and $GOOG $3000? or Just $2500 on $GOOG?,0
Q3 2021 Earnings Estimate for Alphabet Inc. Issued By Truist Securiti $GOOGL  #markets,0
@cluelesstrader @sanntrades Literally only $FB so far‚Ä¶ $GOOGL and $MSFT both rip,1
Are you buying $GOOGL and $AMZN before or after the 20 to 1 stock split?,1
Want to buy $GOOGL around 2500.  Should be possible next week.,1
"‚úÖ $GOOG: ""Google"" mentioned during Rubicon Project Inc earnings event ",0
Who better to make $twtr a profitable growing company like $fb and $goog than a guy that made an auto company wildly profitable!   I switched from running a service company to a software company and loved the high GM.  It‚Äôs more fun.  He‚Äôs gonna love it. ,1
$MGP $ABBV $GOOG NEW ARTICLE : 3 Best Long-Term Stocks For Investors In 2022  Get all the latest $MGP related news here : ,1
@tradertvbrendan $GOOGL is up 10% pre-market... I any thoughts @tradertvshawn,1
"@DipanPatelMD Price changes today: 
$AMZN 3.2%
$MSFT 2.0%
$GOOGL 1.7%.
See how these stocks compare on other important financial metrics in your Wiijii Dashboard: ",1
"Alphabet Inc. traded 23% above average volume, $GOOGL closed down -3.04%",2
$GOOG Youtube revs up 15% YoY on a 50% tough comp; has an 84% comp in q2 and a 43% comp in q3- doesn't get easier for several Qs...,1
$GOOG | Learn to Evaluate Alphabet Inc Class C ($GOOG) using the Charts (GOOG) ,0
"$GOOGL üìú SEC Form 4: Brin Sergey converted 13,889 units into Class A Common Stock and sold $33,418,559 worth of Class A Common Stock (13,889 units at $2,406.12)

",2
"@teslaeconomist I‚Äôm so honoured to be involved in this community, at such an important and exiting time. $TSLA the stock is mind-boggling ü§Ø but Tesla the company is something truly special. I‚Äôm glad we can share this wild ride together and discuss in real time as it happens.",1
"If something is valued over $1T it is mainstream and most of the people you know are using it $AAPL, $MSFT, $GOOG, $AMZN, #Bitcoin",1
"@sachinvats $GOOG finally see writing on the wall.... Lidar is not competitive to $TSLA‚Äôs vision-only NN&amp;AI-driven FSD. Cost, appearance and signal-confusions are three killers of Lidar. That‚Äôs why $GOOG discontinued their Lidar just like they stopped Balloon üéà for internet build-out.",2
"$Goog at 27 Per, on a watch to go in if dip",1
"Indiana's corrupt-as-hell politics allow corrupt-as-hell counties to use marijuana as excuse to beat, rape, mass incarcerate &amp; kill Hoosiers over slight marijuana infractions

Indy traffic officers beat Hoosiers to bloody pulps over ""smell of marijuana""

$AAPL $GOOGL $MSFT $AMZN ",0
"@ComebackCap @CaptialRubbish @liensofnewyork All the same really. They all own $AAPL, $FB, $GOOG, and will tell you why they are fantastic companies on attractive valuations. All the same. And all will go down the same.",2
@optionsmafia1 I scooped $GOOGL and $AMZN right before close. Hoping we can finally get a little move before they report.,1
$GOOGL lol weekly 2430 PUTS cost $1600 now? this cant b right...,1
"This project looks very interesting. I am interested, and I will support this project until it is successful according to the plan that has been set üöÄüöÄüöÄ
@Anirudh_Astro 
@eugeneawi 
@LifeofTruth4 
@austinbarnard45 
@MassAccountabi1 

#GOOG #Airdrop #BNB #BSC $GOOG ",0
$GOOGL Put not call,2
$Googl today üòçüòçüòç,1
$ROKU Roku Says YouTube TV ( $GOOGL) App May Go Dark on Its Platform in Dispute - Bloomberg,2
@StckPro Now that Alphabet authorized the buyback of both $GOOGL and $GOOG the spread between the two stocks should decreased toward 0.  $GOOGL  is cheaper and you get the voting rights for free.  I guess the average investor is unaware of it . ‚Ä¶,1
"@Steve__Schmidt @YouTubeTV YouTube, $GOOGL, has lost its $DIS channel, including ESPN, on the YouTube TV platform after the two sides failed to reach an agreement. Per @unusual_whales",2
$GOOGL INSANE BEAT!,1
From 'adults giggling' to utopia: How GM's Corvette team describes the new Z06 $GM ,1
"@AutumnCapital Analyst estimates need to move up fast if $TSLA Tesla is going to trade at a lower PEG than $GOOGL and $FB. I do believe Tesla is cheaper when you look more than one year out however, we still need to see Berlin/Austin ramp. 

",1
$GOOG is 2700 possible to add more üì¢,1
"$GOOGL 4/16/2021 $2170
Type: CALLS
Order: 400 @ 19.80
Premium: $792,000
Underlying: $2124.21
Daily Volume: 440
OI: 319
Sector: IT",1
$GOOG fucks hard! ,2
"üìà $AMD #AMD 
+120% Search Increase on Google (Past 4 Hours)",1
$GOOGL: #Russia could block #Youtube today,2
"The Side Street Journal: 

Africa:  Exploit! Assist! Repeat! 

 

@macfound @TheAtlantic @NewYorker 
@Harpers @nytimes @NYTmag @chicagotribune 
@washingtonpost $GOOGL $AAPL $AMZN",0
"@UncleToughStuff Better believe it. Have a ridiculous tax bill from stocks I bought in March/April 2020..... $GOOGL +120%, $SE +1800%, etc....

I should put this money back into my Roth IRA and forget about it. I dunno. I did amazing on futures and the lure will probably pull me back.",1
"$GOOGL, Bullish Reversal, at Support level YLo , at Resistance level S1 , 1 Minute, 12:13",1
@rhemrajani9 $FB accelerate the process of running ads pretty much near your forehead on a goggle :),0
Looking to enter position in $GOOG sub 2560,1
"@plantmath1 To show my age it would be $AMZN, $AAPL and $GOOGL",0
"@rabois @pearkes @Bonecondor @moseskagan @kimmaicutler @realKunalAShah @micsolana Hey I own $GOOGL, so that means I fund a ~$2T company. So get back to me when you do the same.",1
$GOOG performed just fine. Patience is key. Next stop is $3k. PT: $3100 ,1
"@GoogolCoin This project looks very interesting. I am interested, and I will support this project until it succeeds according to the plan that has been set. 

@Rahatsizar 
@sizar1001 
@Amirham03180810 
@Amirham96300869 
@Amirham09051560 

#GOOG #Airdrop #BNB #BSC $GOOG",0
"spoos appear to be struggling on yest shitty tape highs, even o/n shitty tape highs. $es and the bands are wide open and not yet ""over sold"". gl w/that",2
"@junkbondinvest I view rent as a cost item, just like would for $GOOG, $AMZN, e-commerce or logistics players or whatnot. Apples to apples multiples.",0
"$GOOG  
zerohedge 
@zerohedge 
 
1h 
PUTIN: I WILL MAKE A DECISION TODAY 
zerohedge 
@zerohedge 
¬∑ 
1h 
*SHOIGU: RUSSIA HAS NO CHOICE BUT TO RECOGNIZE SEPARATISTS üòÑ",0
"$GOOGL, Bullish Reversal, at Support level BBHi , at Resistance level YHi , 1 Minute, 09:55",1
@ProblemSniper I really need $GOOGL to have a 10% week. How can amazon just go bat shit crazy and not google? Lol,1
Alphabet Inc. is down -4.31% in the pre-market $GOOG,2
"Things I've been big wrong about in the past:

The G1 by $GOOGL would beat the iPhone by $AAPL .. loved the keyboard and thought touch screen would suck.

#worldofwarcraft by $ATVI would suck because it wasn't #ultimaonline

#leagueoflegends would suck because it wasn't #dota",1
$XBI -6%. If $MSFT and $GOOG miss this is 70 tomorrow.,2
"$AAPL $AMZN $FB NEW ARTICLE : Facebook Inc, Apple Inc,  Inc, Netflix Inc, Google - ain't no stopping us now (except maybe Netflix)  Get all the latest $AAPL related news here : ",0
$googl destroying bears ,1
"@drZeroBound @RJRCapital Zero capitulation.

Don‚Äôt show me a price chart of $ZM and tell me under the hood things are a mess. Those tech stocks don‚Äôt move the market, the generals do.

When $AAPL, $GOOGL, $MSFT etc‚Ä¶ are down 50% +, well then you have your capitulation.

Narrow breadth is not a BTFD play",0
"Alibaba (NYSE: $BABA), Google Inc. (NASDAQ: $GOOG) ‚Äì Jack Ma Backed Indian Fintech Major Looks To Breakeven Soon: Bloomberg ",1
"$GOOGL trading at just over 22x TTM earnings. 

Market cap of $1.68T 
Net Income in FY21 of $76B which was up 90% from FY20. 

$spy $goog $qqq",0
One of those irresistible deals üòÅüòÅ $GOOGL ,1
Short sale volume (not short interest) for $MRIN on 2021-07-02 is 54%.  $GOOGL 41% $SREV 60% $XLK 66%,0
$MRNA $TDOC $GOOG NEW ARTICLE : Teladoc Stock Is Returning to Long-Term Pivotal Zones  Get all the latest $MRNA related news here : ,1
I like the way $GOOG $GOOGL is using BERT and MUM to improve search: ,1
"IBM Watson bites the dust! They have finally decided to sell-off it‚Äôs health play to a PE firm. This is not to say that AI driven health insights is out of the realm of possibility. $GOOG, $MSFT, and $ORcL all have made significant acquisitions to analyze patient data.",1
$GOOGL 20-1 split sounds fun üòàüî•,1
"Hey @elonmusk, what say you? Sick burn, bro.
$googl $tsla 

ht @russ1mitchell @danahull @60Minutes @LesleyRStahl @DanTelvock ",0
Alphabet $GOOG Stock Rating Reaffirmed by Wedbush  #markets,0
@7Innovator $GOOGL,0
@wexler The State of Florida has more credibility than anything coming from the social media giants like $FB $TWTR and $GOOGL which have public approval ratings of somewhere between Voldemort and Soviet dictators,2
"IBM reported revenue huge beat , brought about by strong demand in the software unit. Begs the question If #IBM is killing it in cloud, wonder how $smz, $msft and $goog will do @gerberkawasaki  via @technology",1
@rektcapital Is earnings are as expected for Tech Stocks. Today $MSFT and $GOOG. Bad numbers and we Fall,2
$GOOGL Markets are a great mechanism of transferring wealth from impatient to the patient. Ignore naysayers and buy and hold Xceptional business for long term wealth generation. Long term bullish on Alphabet Inc (Google Parent) - ,1
Ruling on $APPL today has huge implication for $GOOGL $AMZN $FB. The regulatory risk we worried about is coming and there will be new winners.,2
@Forbes The soul usage of chrome on an iOS device seems worthy of attention #Google $GOOG,1
"Lots of anti $goog $googl on fintwit - calling for drops to ~$1300 - I argue the current price is already pricing in a lot of deceleration. Complete bargain here, at worst Case fair value considering slow down. Broad market factors could move it down more but this is a good value",1
"@Google @GoogleAI I am in Canada, I ask my Google Home Assistant 1000 times a day about stock tickers. Why aren't I getting pre-market and after-hours results!? Please, I don't want to check my @YahooFinance App at 5AM HELP! @Tesla $TSLA",2
@jlebenthal @karenfinerman when does the time come when you guys admit you have absolutely no idea what you‚Äôre doing? That you‚Äôre no better than the chimp? $qcom $goog,2
"Microsoft, Amazon and Google have each rolled out cloud-based platforms and applications designed to handle heavy web traffic and sudden surges in demand for vaccine appointments  via @WSJ #datacenters $AMZN $MSFT $GOOG",1
"Open season for deep pockets to buy $LGF. 
$FB $GOOG can go from nothing to contender. YouTube Premium with MoviesAnywhere means you can patch in IP you want to own into a single streamer. 
Their ad-supported tier would enjoy best in industry monetization.

Blue app U-turns ",1
$GOOG üòÇüòÇüòÇ,0
"NOT until 2024 MAYBE even LONGER 

$FB: Google keeps Android ad tool into at least 2024, exploring other options ",0
"$GOOG-&gt; US has discussed plans for Ukrainian leader to leave Kyiv if Russia invades: report  Two sources familiar with the discussions told the news outlet the Biden administration views the Ukrainian leader as ""increasingly vulnerable.""",2
"üìëThis Weeks Watchlist From Eagleüìë
1Ô∏è‚É£ $GOOGL
2Ô∏è‚É£ $TSLA
3Ô∏è‚É£ $NVDA
4Ô∏è‚É£ $TWTR
Retweet if you find this valuable!

Earnings &amp; Economic Calendar provided by @Dear_MrToilet 
Special thanks to @YourBoyMilt

Flow using @unusual_whales

",0
"$GOOGL, Bullish Reversal, at Support level YHi , at Resistance level R1 , 1 Minute, 15:07",1
"$AMZN continues, 3480 has some res

$GOOGL solid perk up, we trend

$NVDA just amazing upside

$SAVA treatment for Alzheimer's, dope af",1
"@jablamsky Always adding to $AAPL and $NVDA 

Happy to start a $GOOG position",1
"I bought another TCL TV yesterday; chose the $ROKU OS, as it's easy to use, even for my parents, even though it's not the most visually appealing. I bought it due to it being on sale, and wanted it before December's $ROKU and $GOOGL dispute takes YouTube &amp; YouTube TV off $ROKU.",2
"

Google, which has notoriously delayed its office reopening, says half of their NY employees have returned. 

$GOOG",0
"Nice project 
@AlAmin18961821
 
@jubayed_net
 
@NusratJ61761712
 
@MILONKH96907349
 
@monirislam1280 

#GOOG #Airdrop #BNB  #BSC  $GOOG ",0
"@GoogolCoin With the opportunity to take part in this project, I am very enthusiastic because this is a good and big project, greetings of success.

@MdAkash96542213
@Asu42940251
@MrBiddut10
@nazmul_artho
@NahidHa76103833 

#GOOG #Airdrop #BNB  #BSC  $GOOG",0
"Ticker: $GOOG
Buy: Jan 21, 2022 $2450.00 Calls
Entry Price: $298.78 - $298.80
Exit Price: $331.65
Stop Loss: $262.93
Potential ROI: 11%
Estimated Hold Time: 63 Minutes
Alert Courtesy Of: ",1
"$CFVI Rumble should partner with $FUBO , they could be their own version of YouTube TV $GOOG 

Lot‚Äôs of potential here!!! üëç

#RecvProfit",1
"I've got some $GOOG bids sitting just above 2530. Looking to add more as a core holding. Stock split coming up, buyers will step in before the July 1 record date.",1
"@ZenTrends In terms of charts, I'd prefer $GOOGL. I can't see AMZN moving significantly unless there's news about the split. This stock just frustrates me so much.",2
"$sono on my radar tomorrow, over sold, increase PT 51, better than expected earnings with raised Rev., Patent win over $googl and finally better Margin with price increase on all their products.",1
Vivo Launches Smartphone With Custom Chip Days Before iPhone's Event $AAPL $QCOM $GOOG $GOOGL ,1
PREVIEW-Facebook ad revenue seen feeling brunt of Apple privacy changes $FB $AAPL $GOOG ,2
"Meth, speed, crack, coke, pot, weed, acid, blow, molly, shooms, buttons, H...

Elon, are you really struggling with this?

$TSLA $TSLAQ ",0
"Google Inc. (NASDAQ: $GOOG), Google Inc. (NASDAQ: $GOOGL) ‚Äì Russian Court Penalizes YouTube, Twitter Again ‚Äì Read Why $TWTR ",2
"@MaxTheComrade @Govind49ers @OphirGottlieb If $aapl were to launch its own hardware tv, $amzn and $goog would have more to lose than $roku. Prices will drop across the board and it will be a cage match for all services doing same things  in a saturated mkt",2
"Note to future self: $GOOG 20 - 1 stock split confirmed the end of the bull market. 

",2
And it‚Äôs $tsla $googl $aapl for the win. ,1
@awilkinson $AMZN by a country mile..... then $GOOGL,0
"@ramit Please make $GOOG $AMZN $GS $PYPL go up, please",1
"$GOOGL, Bullish Reversal, at Support level S1 , 1 Minute, 12:43",1
"$GOOGL, Bearish Reversal, at Resistance level YHi , 1 Minute, 10:01",2
Google updates site that explains how search works as it faces mounting regulatory pressure $GOOGL ,2
Alphabet Inc. is up 9.16% after hours $GOOGL,1
@MarketRebels Negative‚Ä¶ I bought put spreads in $GOOGL‚Ä¶ look at the daily chart‚Ä¶ On the cusp of breaking out to the downside.,2
In $GOOGL $2950c at $6.80,1
I‚Äôm deleting this tweet if I‚Äôm wrong but I think $GOOGL $MSFT and tech at the very least are going to bounce stronggg,1
@1MainCapital $fb and $goog,0
$GOOG  via @FINVIZ_com GOOG Chart is a real beauty! simply outstanding. Charts represent super bullishness. No Brainer :),1
@killerstorm @mayazi Now explain the difference between $GOOG and $GOOGL,0
"‚úÖ $PYPL: ""PayPal"" mentioned during Alphabet Inc ""Alphabet Inc Google Cloud CEO Keynote at Google Cloud Next ‚Äò21"" event ",0
"@PramilaJayapal Ow do $AAPL; $AMZN, $GOOGL",0
"@LiviamCapital @UnrivaledInvest I think he was pitching a spread trade ( relative performance ) so as long as $goog and $msft do better relative. He‚Äôs  ok. It can work for him because his chip stack is bigger an mkt is deep, but me I‚Äôd go outright long $fb $amzn",1
"This project is very good and this projector has a lot of attractions so hopefully the project will be better  the future and the cryptocurrency will be the best.
@milan86698496
@Gory1210
@Echoslame1
@Crizna35631151
@AMAR19420312

#GOOG #Airdrop  $GOOG ",0
"@M_Merc85 @EIon__Musk @starwarsjunkie7 $GOOGL $TSLA

I HAVE BLUE TAG BROTHER $AAPL üì∂",1
"YouTube $GOOG has joined the vaxxer censors.
I‚Äôve deleted the Google and YouTube apps from my iPhone.
#CorporatePuppets #Censorship
#NoVaccineMandates #NoVaccinePassportsAnywhere
#BoycottYouTube
",2
"DeItaone: GOOGLE IN TALKS TO BUY MANDIANT, A $4.5 BILLION CYBERSECURITY FIRM - THE INFORMATION
$GOOGL",0
$GOOGL this week is big tech earnings. Someone is going to crash üòÅ #beststockapp,2
"Dan Ives Sees ‚ÄòBright Green Light‚Äô Buying Opportunity For Apple $AAPL, Microsoft $MSFT And Google $GOOG ",1
@washitapenade @plantmath1 Or $GOOGL üòÇ,0
"Open sourcing Alphafold is such a power move. $goog $googl

",1
@Varys816 @WifeyAlpha $googl $amzn?,0
"$GOOG
Twitter Sentiment on 7 May 2021 was:
‚ñí Positive 40.2% ‚ñà Negative 12.5% ‚ñë Neutral 47.4%
‚ñí‚ñí‚ñí‚ñí‚ñí‚ñí‚ñí‚ñí‚ñà‚ñà‚ñë‚ñë‚ñë‚ñë‚ñë‚ñë‚ñë‚ñë‚ñë",0
@chamath what is your take on $GOOG @alphabet right now? Do you think it is a buy or no?,0
"$GOOG just crossed below its 20-day moving average.

Chart: ",2
"5.  $GOOGL  :2794.72   Expected Move +-52.54  
Nice rally followed by consolidation. Currently anticipating a break to the upside. Follows Q's when playing
 Trigger for Calls: 2800; 2830c @ 10.90  OR 2850C @ 6.10
Pt1: 2804
Pt2: 2809.80
Pt3: 2814.80
Pt4: 2819.50*",1
"@KeithMcCullough  Thoughts on what to do here? Most things near the LERR, vix near TERR, BUT functional macro exposures $GOOGL and $MSFT report tonight. Don't want a response here for free, but maybe in RTA with what the signal is saying. Thx for all you do",0
"@EmmetPeppers I don‚Äôt think a stock split is on the horizon. $AMZN is over $3,000 and GOOG is over $2,800‚Ä¶ hasn‚Äôt hurt their stock at all. I don‚Äôt think Elon wants to encourage irrational increases in the stock price.",0
@JonErlichman $tsla should pass Amazon and Google by the end of the year if not sooner.,1
@BackpackerFI no interest in $Googl or $Amzn?,0
@CheddarFlow Why no one buys $Goog,2
"...so...we shouldn't do anything against $FB $AMZN $APPL $GOOGL bc it would ""handcuff the US in economic competition with China""? Color me surprised bc I thought this was already happening! üòÇ

",2
UPDATE: Google $GOOGL in Talks to Buy Mandiant $MNDT - The Information @Street_Insider,0
"Enter: $GOOG Dec 17, 2021 $3140.00 PUTS
Buy in Price: $293.72 - $293.70 
Take Profit: $399.46
Stop Bleeding: $258.47
ROI Potential: 36% 
Exit Within: 58 Minutes 
Short Scalp Courtesy of: ",2
"#Drones - $AMZN, $GOOG, and $UPS are leading the way in the drone logistics sector which could change delivery logistics dramatically over the next decade. #ACFInsight #logistics #tech #drones ",1
If anything the safety score has reset my overall excitement and care for #FSDBeta. I'll get it one day. All I know is that is isn't soon. Thanks to a full week of fuckups and not able to see exactly how it relates to how I drive because Google Play store is shit at updates $TSLA,1
"it increased projections for the second year

from 0.1 to 0.6

$nio $amc $aapl $goog",1
"Bills targeting Apple and Google face biggest test yet $GOOGL

Big Tech's first big showdown for antitrust legislation is about to reach Capitol Hill.

Do not miss anything üëá ",2
@eddie_2thepoint Now that Alphabet authorized the buyback of both $GOOGL and $GOOG the spread between the two stocks should decreased toward 0.  $GOOGL  is cheaper and you get the voting rights for free.,1
"@gmwagmieth Google, traslate $GM wagmi!
Google: $GM wagmi

Thank you, Google. üòò",0
"‚úÖ $GOOG: ""Google"" mentioned during NCsoft Corporation earnings event ",0
@PunditPatent $abus using 5% royalty calculation and ownership of 20% plus 20% of $roiv split on $mrna and $pfe patents it is a mind boggling market mis-pricing. I am long and will be adding,1
"@GianniDiMattia6 @Value_Spotting Agree with Gianni, no DCFs is needed to see $GOOG trades at an attractive valuations at ~20x EV/FCF if keeps growing 15-20% (which is very reasonable to me)",1
$GOOGL calls also look nice,1
"@WolfofMStreet @ajassy Think of the frustration of AWS engineers or sales. To know your biz is doing great, but you stock bonus (which is large % of comp) has done nothing. Competitors at $GOOG or $MSFT have seen same $ bonus awards grow faster than at $AMZN the last 2-3 years.",2
"Wow $GOOG, I knew it. Major beat.",2
"The anti-#tech-pocalypse continues, with a furious bounce off the recent lows extending again. Solid chip, $GOOGL news fueling the run. #Treasuries are higher as well, while #gold and #silver are flattish and the #dollar is lower.",2
"@cscrignaro Could even happen today with a strong close, I can't understand why the market has continually mispriced $GOOG for a year",1
@fatbabyfunds Let me tell you - both $GOOG and $FB tried and failed miserably which talks lot about $PINS.,2
"@squawksquare Why not $GOOGL (voting ones). There was a Barron's article about possible inclusion in the Dow Inds, not sure what are the rules, but prefer to have the voting ones in case.",0
"$ROKU need a good news for this stock, hopefully $GOOG deal comes through! ‚ú®",1
"High praise for a distant fourth place in the streaming music wars

$GOOG $SPOT

YouTube music services hit 50m subscribers in race to catch Spotify ",1
"Already fat with $GOOGL &amp; $F , already had Google Contracts , looking at adding some cheap $INTC ",1
Ok $F counting on you.  $GOOGL came through for me last night now it's your turn!,1
"HELP! Does anybody know how I can export/download data regarding volume profile for $ES (VA, VPOC, differentiate between HVN's LVN's etc.)? I can export tick data down to the 100 ms but struggling with VP data.",0
Google is shutting down its mobile Shopping app via TheVerge| #GoogleNews $GOOGL #fashow ,2
Bought some $googl today. ~$2600.,1
"$GOOG has its own QC, but it's the 2nd biggest shareholders of $IONQ, hosts $IONQ QC on its cloud. Can't be more bullish than your competitor using your product and investing in you. ",1
"Powell keeps saying the same thing over and over . The bond market is moving ahead of him and the stock market is moving lower.

$GOOG $PYPL $DPRO $NIO 

#buythedip 
#cryptocurrecy 
#ripcnn
#blockchain",2
"$goog $googl In 2020, $31 billion buyback in shares, which was 69% more than 2019. In 2021 50b$ buyback 61% more than 2020. In 2022 buyback will be 80b+. This is a great buy for shareholders with 41% growth, 140b+ cash on hand, 20:1 stock split and 80b$ buyback incoming üöÄüöÄüöÄ ",1
"$GOOGL üìú SEC Form 4: Sergey Brin sold $23,054,277 worth of Class C Capital Stock (9,068 units at $2,542.38) as part of a pre-agreed trading plan, decreasing direct ownership by 0.05% to 18,630,141 units



45 seconds delayed.",2
$GOOG puts already purchased.,2
"‚úÖ $GOOG: ""Google's"" mentioned during Live Oak Bancshares earnings event ",0
"$GOOGL 
  If you really want to make huge profits on trading then check out this chat;
Today's watchlist &amp; winning alerts 
 ",0
Trump Fails to Keep Lawsuit to Get Back on Twitter in Florida $GOOGL ,2
"Yoots have their TikTok but YouTube is the best  - this was a funny watch  
 
 

$goog",0
I believe the $GOOG split is to position them for the Dow. I‚Äôm not sure how they‚Äôre not added with the financials they have.,1
"Last 12 months combined revenue of the 4 largest US companies hit a record $1.24 trillion.üíµ

$AAPL: $366 billion üí∞
$MSFT: $176 billion üí∞
$GOOGL: $239 billion üí∞
$AMZN: $458 billion üí∞

Larger than the GDP of all but 14 countries.
RT &amp;‚ù§Ô∏èFor Trade Ideasüìà",1
"$GOOGL 2021-04-30 CALL $2450

Bid-Ask: $2.15 -  $2.45
Vol/OI: 7.3
Vol: 4558
Open Interest: 623
% OTM: 2.68%
IV: 26.91%

View Full UOA List: 
#options #unusualactivity #UOA",1
U.S. FTC expected to file amended complaint against Facebook $FB $GOOG ,2
"Australia Mulls Regulations For Apple Pay, Google Pay, Other Big Tech Players $AAPL

All the details üëá ",0
$GOOGL &lt;&gt; $COIN &lt;&gt; $SYN ü§ù ,0
$GOOG $GOOGL | Google Cloud Hiring Legion Of Blockchain Experts To Expand Business ‚Äì CNBC ,1
"$GOOG $GOOGL Alphabet Stock Is Soaring on an Earnings Beat. The Company Is Finally Splitting Its Stock, Too.  via @Barronsonline",1
@danshep55 $GOOGL red to green. üí™,1
"$GOOGL, Volume Spike, 1 Minute, 15:23",0
"$GOOGL, Bullish Reversal, at Support level PP , 1 Minute, 13:58",1
"$Googl  

buy ÔºÅ",1
"YouTube Ads revenue in Q4: US$8.6b

Netflix: US$7.7b
Twitter: US$1.2b
Snapchat: US$1.1b

$GOOGL acquisition of YouTube the greatest of all time?",1
@DavidSchawel I think that $GOOGL should do shareholders another favor and spin-off Youtube into a separate business.,0
"Threw in ‚Äútowel‚Äù on some undesirables (imo) ‚Ä¶ so a lot less $FB $GOOG and $AMZN exposure ‚Ä¶ on my way to none!

Feels like I came out of a nice shower üòä",2
"@PikesPeakTrades What a trade. I was able to close $GOOGL yesterday with this today two bangers!!! $ROKU is the only one not showing us live for now.
I feel they use ER to push it ü§î",0
"@GoogolCoin It is good project . I have participated in the and rules of this airdrop, I like this project .
@PadamBi41922965
@padammishra777
@pantbibek70
@ashishbist123
@Arunkun43755693

#GOOG #Airdrop #BNB  #BSC  $GOOG",0
@KenDenno Of course. Can‚Äôt remember life before $Goog,1
"$GOOGL  ~Starting with $7k, down to $3k, back up to $25k, Lot of thanks to this chat ",0
"UPDATE: Needham On Skyworks Price Target Raise Post-Earnings: Firm Sees Mobile Outperformance Due To Apple, Google, &amp; Chinese OEMs With Further Upside Thanks To 5G Proliferation; Positive On...

Related Tickers: $SWKS $GOOGL $AAPL
Read more at: ",1
"@CorruptCounties People don't believe the Culver star athlete gunned down by traffic officers Thanksgiving Wkend did what he was accused of

Marshall County's abusive traffic infraction racket ""false reports"" &amp; rapes motorists at Plymouth IN jail

$AAPL $GOOGL $AMZN $MSFT
",0
Harmonic to Report Q4 Earnings: What's in the Cards? $HLIT $CRUS $FB $GOOGL ,0
@AishaNazim3 They‚Äôre pretty good at beating earnings. $googl $fb,1
"Alphabet (GOOGL) reports FY22 Q1 results; falls short of estimates #Alphabet #Google #earnings #googl $GOOGL $GOOG #StockMarket #StocksInFocus 

",2
So I think with $GOOGL split I might buy them since it‚Äôll be 20 for 1,1
"$GOOGL 2021-05-14 CALL $2280

Bid-Ask: $1.5 -  $1.8
Vol/OI: 8.6
Vol: 960
Open Interest: 112
% OTM: 3.46%
IV: 30.56%

View Full UOA List: 
#options #unusualactivity #UOA",1
@optiintrader $goog,0
"$GOOG   Real price will come out soon!! For a limited time, we are opening our trading chatroom to the public. Come learn and make huge profits with us,,.....   ",0
$MRIN up 70% in AH on $GOOG news...we know that $VERB has $GOOG news coming as well (GMAIL integration) hmmmüëÄ,1
"@GoogolCoin This is excellent project for the future with strong  a transparent, planned and project roadmap. it will be successfulI. Always be waiting for the progress of this project 
@al_qohari

@trx

@Bashar02120713

@Darulis21449127

@AlAmin45099600

#GOOG #Airdrop #BNB  #BSC  $GOOG",0
$GOOGL    *Don't Miss the next move In a few hours;.... ,0
$GOOGL to begin pilot for new feature which will allow viewers to shop for products directly from #YouTube livestreams. #Google,1
"‚úÖ $GOOG: ""Google"" mentioned during Bank Of Montreal ""Bank of Montreal at Morgan Stanley US Financials, Payments &amp; Commercial Real Estate Conference"" event ",0
$GOOG  new alert at   #stocks #daytrading  #NYSE #NASDAQ #market 270,0
"Cryptos have fared better than most stocks.

$BTC $ETH fared better than $GOOGL $AAPL.",0
2nd time shorting $GOOGL this time the $2420s,2
$GOOGL paying the bold yolo trader today,0
"$GOOGL, Bearish Reversal, at Resistance level R1 , 1 Minute, 15:55",2
@NlCKStocks $googl,0
"Many offices and schools were shuttered b/c of the pandemic

An interesting corollary is that big shops like $IBM $GOOGL $MSFT (LinkedIn anyway) &amp; even the oil majors used to provide free meals. So household consumptions are higher now b/c of the shuttered cafeterias ",0
@PythiaR $GOOG as well. Plus it made it up the full +100%!,1
$GOOG overall market isn‚Äôt even down 10% üí≤,2
"$GOOGL Bought calls, we will sky rocket this.. 3000$ soon üëá

 #1 Instagram Marketing Agency
‚§¶‚§¶ ",1
Is $GOOGL the first tech stock to get back to trading at ATH since recent correction?,1
Apple Co-Founder Steve Wozniak Lends Support To 'Right To Repair' Movement Amid Growing Criticism Of iPhone Maker $AAPL $MSFT $GOOG $GOOGL ,0
"$GOOGL
  All that you need to know' Shorts haven't covered a single share--
",1
$PFE 20m+ vol and it's still struggling to go up. insane short squeeze inc????,1
"$GOOGL hits 2984, my 3000c will be basically free and almost x2.

Let's see, power hour do me good, 4th roll.",1
"@Money_Matters_1 Idk, depends on the stock borrowed. I‚Äôve only earned a couple dollars in the best month üòÇ 

Don‚Äôt think $GOOGL and ETFs have a lot of demand",0
$DKNG just wait until $MSFT and $GOOG screw the pooch in 45 minutes.  Ya bulls ain‚Äôt seen nothing yet.  I‚Äôll make sure your wives are taken care of.   Don‚Äôt worry. ‚ñ∂,2
"$TSLA tech er today after close.  This could run back to $1k 
But depending on $MSFT $GOOGL $AAPL Ô∏è",1
YouTube stays on Roku devices as companies strike multi-year deal $ROKU $GOOG ,1
"One of the best signs that the elites are not expecting WWIII is mergers and acquisitions. 
 
$GOOGL and $MNDT (formerly $FEYE).",1
@LadeBackk You‚Äôre only talking about $goog but completely ignoring $syta. üòÇüòÇüòÇ Not even a mention of a 200%+ runner?,1
hmmmm sell call buy put $googl? ,2
"SOCIAL MEDIA ( $FB, $GOOG, $TWTR, $SNAP ): Florida judge blocked a state law to prohibit social media companies from banning political candidates",0
Google has figured out how to transfer money globally without blockchain technology. ü§´ $GOOG ,1
"A lovable and powerful project that I love very much and will see progress in the future
@ysHcj5J4kjztiJm @JFJepsen 
@NCJW @jcjayceechan 
@bcjjggvhgvvchy

#GOOG #Airdrop #BNB #BSC $GOOG ",0
"3 Days Into A YouTube Contract, Ludwig Gets Suspended For 'Baby Shark' Copyright Violation $GOOG $AMZN $GOOGL  via @benzinga @LudwigAhgren @YouTube @Twitch #Ludwig #FreeLudwig #babyshark #copyright #comedy",2
"If $goog has to spend more than 4x what they earn per quarter on stock buy backs to provide shareholder value, what does that tell you of their conviction in their business? This isn‚Äôt sustainable, and is a massive red flag.",2
"#Breaking: Google (Alphabet) will split its stock 20-1.
$GOOGL",0
$GOOG  new alert at   #stocks #daytrading  #NYSE #NASDAQ #market 793,0
"$BYND: launches chicken tenders at nearly 400 US restaurants 
$GOOG: being sued by 36 states alleging company‚Äôs illegal use of power 
$TSLA: launches a cheaper version of model Y in China

#StocksToWatch #TradeSafely #BearishMarketSentiment",2
"@JimmyGooGoo @james65653744 @agusnox @Doggie_wumpus @keith_dorschner @WhamBaamYT Love our $TSLA community haha as what @elonmusk mentioned before: I‚Äôd rather be wrong when I‚Äôm positive than be right when I‚Äôm negative. 
If you‚Äôre gonna be wrong then be less wrongü§£",1
"$AAPL and $GOOG take rates are ridiculous and will come down if the recent regulatory moves in South Korea  are any indication. According to @nedsegal, $TWTR isn't really looking at heavily monetizing creator tools at the moment anyway ",0
"GOOG (Alphabet Inc.) üö® #Insider #stock alert! üí∞ #Sale on 2021-12-07 - $GOOG üá∫üá∏: HENNESSY JOHN L, total amount $496.456. Stock has a float of 580.00M shares",2
"GOOG Aggressive Elevated Risk: Alphabet Inc Cl C Cap Stock $GOOG triggered at $2,672.95 on 10-Jan-22 EST ",2
"$GOOG is on the Opened trades list at EPSMomentum, with a price of 2965.41 on 10/29/2021 and a current return of -4.49%. You can find it here ",0
$GOOGL will no longer serve ads in Russia,2
"@GoogolCoin Dear friends, the concept of this project is excellent. $GOOG is on many exchanges and in time it will break all the levels to be in galaxyüîúü§ó

@Neginfdm
@Sima90851896
@AMohtajeb
@amkhp1111
@AmirSal37737192
@Ramin09677193

#GOOG #Airdrop #BNB  #BSC  $GOOG",0
"Google founders have sold $1 billion in stock since May, the most since 2017 $GOOGL",2
"$GOOGL $CODX $NTRA All that you need to know, Shorts haven't covered a single share; Check it out below, highly recommend everyone to follow them,, üöÄ  Ô∏è",1
"$GOOGL, Bearish Reversal, at Resistance level YLo , 1 Minute, 10:10",2
$GOOGL $GOOG ... at this rate we'll probably see 2300 next week. Worse if Q1 ER isn't stellar. Hedge accordingly friends bc this mkt doesn't take any prisoners. üíù,2
"Tesla Dominates Consumer Reports' Most Satisfying Cars Report

Consumer Reports typically focuses on Tesla's struggles, but its readers say Tesla's cars are the most satisfying.

$TSLA

",1
"This makes me sad.  We had a beautiful experience at Bongos, my daughter danced with one of the dancers when she was 4.  üíÉüèª It was a vibe.  I know a lot of us are struggling in different ways, but try and hold on to the magic ‚ú® $DIS

",0
"Google revenues by segment ($B and %yoy, 2021q1)...
$googl ",0
@charliebilello $GOOGL looking undervalued vs $TSLA: ,1
"$GOOGL
‚è´‚è´ ",1
"@AmateurStockTr1 Yup,

Many moved off of $MSFT years ago b/c of virus &amp; hacking concerns with the operating system. That's changing now with Nadella &amp; Azure, but Amazon AWS still used by the biggest &amp; best of Fortune 500 &amp; Stealth startups &amp; newcomers 

In order:

Amazon
Microsoft
Oracle 
Google",1
"Ticker: $GOOG
Buy: Nov 26, 2021 $2645.00 Calls
Entry Price: $296.92 - $296.90
Exit Price: $368.18
üéØ: ",1
@chigrl Asleep @ switch since 2004 Google IPO prices $85 opens $100 - the rest is anti-trust history $GOOGL,2
@LMT978 The pullback will come when the FAAMG are finished dragging the market higher. $MSFT and $GOOGl made new highs on Friday. $AAPl looks positioned to make new highs next week.,2
"@GoogolCoin Leadership offers the opportunity to make a difference in someone's life, I will help this project to success
@Ardiiian_14 @Ridhoskyz1 @iksan4545 @Nabilaa82154898 @Nana448Nana 
#GOOG #Airdrop #BNB¬† #BSC¬† $GOOG",0
"Interesting move by $GOOG. Wonder if $AAPL will follow. ü§Øüëá

",0
"Reuters: Sweden pauses use of Moderna COVID vaccine for younger age groups. $MRNA


via @GoogleNews",2
"Just a few *calls* that have paid huge returns, all given for free! üöÄüöÄüöÄüöÄ

$AMZN Calls over 3308 --&gt; 3322.79üéØ
$NFLX Calls over 613 --&gt; 646.84üéØ
$GOOGL Calls over 2731 --&gt; 2800.84üéØ
$ROKU Calls over 317 --&gt; 328.75üéØ ",1
@Stocktwits $GOOGL,0
"@baijorge @TheStalwart @federalreserve We do what we want üá∫üá∏

üöÄüöÄüöÄ

$googl
$amzn
$xrp",1
"AWS literally off the charts in size relative to others in cloud

$amzn
$msft
$googl ",1
"Charts are very favorable so do not sell or you will regret it. If you have the margin, buy more while it's down. $GOOG",1
"Great example of how @Google $GOOG uses its market power - not for higher prices, but to force anti-competitive preferential treatment. 

In my opinion, not the best move just a few weeks after an anti-trust hearing in front of Congress. ",2
"$GOOGL if you aren‚Äôt long in this, don‚Äôt be in it. üòò",1
Qatar May Sit Out Debt Binge; Google CFO Speaks: Forum Update $AMZN $MSFT $GOOGL ,0
"We are now live for the MIDWEEK UPDATEüî•
Im going to breakdown  üëá
üìà TRADE IDEAS you can trade tomorrow
üëÄWhere to get in and out 
‚öîÔ∏èPro tips 
üî• and so much more üìàclick  #invest #investing  $TSLA $GOOGL #trading $SPY",0
@unusual_whales @AOC What the hell are the Republicans doin selling $GOOGL,1
"The major stock indexes closed with sharp gains, with the Dow moving up 0.7%, the S&amp;P 500 rising 1.3%, and the Nasdaq gaining 1.9%. EV stocks like $TSLA, $RIVN, $LCID and $LI raced higher Monday. Small caps struggled, growth stocks in contrast were shining.",1
$cerpq ON THE MOVE! They have the tendency of doing well when OTC market is struggling https://t.co/REBUCN8290,1
RT @AngryRed316: $cerpq ON THE MOVE! They have the tendency of doing well when OTC market is struggling https://t.co/REBUCN8290,1
$sol with 500 million supply almost about to touch $20 and Scam $sxp with 289 million supply struggling at $3 like a looser.,2
"@TheMoonSurf $vxv vectorspace ai

So what's $vxv ? It's the Google for AI analysis of natural language data.

$alts‚Ä¶ https://t.co/lM7vnmfS0H",1
$NIHK .14 is up 48% - this is why? New Electric Vehicle SPAC - DEAL SEC FILED!  Found Lingstar on Google search...‚Ä¶ https://t.co/4EMNCaS3eQ,1
"$TTCM Google lawd, need a dip to load up. Not sure there will be any significant ones lol",0
$EEENF I like what üëáüëáüëá said a lot! üí∞üí∞üí∞ https://t.co/ggL8fMUPFU,1
RT @LarryCl00061125: $EEENF I like what üëáüëáüëá said a lot! üí∞üí∞üí∞ https://t.co/ggL8fMUPFU,1
RT @nmdinvestor: Recently started looking closer at google trends to assess hype vs momentum in  stocks. Interesting correlation with $EEEN‚Ä¶,1
RT @PipsToDollars: Earnings $AMZN $TSLA $MSFT $AAPL $AMD $BA $FB $LUV $MMM $GE $AAL $UPS $TWTR $PFE $CBSH $PEP $MA $GOOGL $GILD $SBUX $UAL‚Ä¶,0
"RT @ThePitBoss16: Google Stock Soars Near 10% After Earnings 
Alphabet Inc Class A NASDAQ: $GOOGL
Market Reaction After hours 
$1,346.00 +1‚Ä¶",1
"Remember the turn? Now start preparing for the greatest market crash in history. I say it like I see it. 

$TSLA $SPY $GILD $ABBV $PFE $TEVA $TDOC $VIX $VXX $UVXY $SVXY $SPX $GOOG $AMZN $FB https://t.co/OhukyvRnIm",2
"$GOOG $AAPL $SPY $AMZN $TDOC $TSLA $COST $BA $NFLX $NVDA $TWTR $ZM $BABA $FB $DOW $MSFT $QQQ $BB
To enhance your experience in trading and get instant help click here https://t.co/waJXnpA7xo https://t.co/p94fTX4VO5",1
RT @AlertTrade: #algotrading #algotrade $SPX $SPY $AMZN $AAPL $FB $SHOP $NVDA $GOOGL $PAYX $ASPU $SMPL $WBA $BBBY $LEVI $SGH $MSM $HELE $AZ‚Ä¶,0
"RT @Madison89421615: Probably nothing to worry about. Just the ‚Äúinvisible enemy‚Äù...

$spy $spx $qqq $eem $iwm $aapl $fb $googl $nflx $amzn‚Ä¶",2
"$twtr $msft $amzn $qqq $fb $nflx $xspa $googl $mrna
$penn $nvda $aapl $spy $spx #Futures $bynd $mark $xspa
$tmdi #RobinhoodTraders #SundayThoughts #SundayMotivation #GenZ #Millennials #GenX @DelMonte
 #holarchy #wholeparts #turtlesupdown

Retweet if you are ""a part of"" humanity. https://t.co/HRt2RfDu6i",0
Political prophet Allan Lichtman: Trump is more ... $AAPL $AMZN $BTC $ETH $FB $GOOG $MSFT $QQQ $SPY $TSLA #cnbc #foxbusiness #business #money #entrepreneur #trading #investing #investment #stock #stockmarket #forex #crypto #cryptocurrency #Bitcoin #Ethereum #Coinbase #Robinhood https://t.co/3qgDvxsdVz,0
"BOOM üí∞üí∞ Come Join US 
$fb $aapl $amzn $nflx $googl $bidu $roku $spy $amd $nvda $tsla $ba $baba $shop For  Daily Powerful Watchlist, Swing &amp; Day Option Trading Alerts  Paypal monthly link in bio, $149.99 DM for biweekly link $84.99 #trading #optionstrader #Money https://t.co/JBhVUeanhi",1
RT @musicnews360: Utah governor declares state of emergency due to ... $AAPL $AMZN $BTC $ETH $FB $GOOG $MSFT $QQQ $SPY $TSLA #cnbc #foxbusi‚Ä¶,2
"RT @almostjingo: No comments on $GOOG watch, no #freespeech unless it‚Äôs ORANGE MAN BAD. https://t.co/oIaGHzODaM",2
"$ITOX .01s getting slapped. Nothing on L2 till 2 cents
$SPY $SPX $QQQ $ES_F $NQ_F $RTY_F $ZB_F $GC_F $NDX $RUT $AAPL $NFLX $AMZN $TSLA $FB $MSFT $DIA $NDX $IWM $QCOM $GDX $DAX $BYND $TWTR $GLD $SLV $GE_F $BABA $TLT $LYFT $VXX $TVIX $VIX $XLE $XOM $JPM $GS $GOOG $DIS $IBM #Options https://t.co/ZLFlzyeOtG",0
China's annual dog-meat fair opens; activists ... $AAPL $AMZN $BTC $ETH $FB $GOOG $MSFT $QQQ $SPY $TSLA #cnbc #foxbusiness #business #money #entrepreneur #trading #investing #investment #stock #stockmarket #forex #crypto #cryptocurrency #Bitcoin #Ethereum #Coinbase #Robinhood https://t.co/6CkeGZzEEC,2
"https://t.co/ixCJrg6giq

Stocks/ETF's Discussed:  $XLK, $MSFT, $AAPL, $V, $MA, $INTC, $NVDA, $ADBE, $PYPL, $CSCO, $CRM, $FB, $SBUX, $GOOGL, $AMZN",0
RT @WarriorTrading: Cannabis Stocks Stealing Spotlight as Other Sectors Struggle for Attention: https://t.co/WbZGNxebKy | #Daytrading #Stoc‚Ä¶,2
"RT @SJosephBurns: Big tech returns in 2008 recession...
$MSFT: -44%
$AAPL: -57%
$GOOGL: -56%
$AMZN: -45%
$QQQ: -42%

Big tech returns YTD i‚Ä¶",2
"$twtr $msft $amzn $qqq $fb $nflx $xspa $googl $mrna
$penn $nvda $aapl $spy $spx #Futures $bynd $mark $xspa
#ThursdayThoughts #thursdayvibes #Thursday 
@goldsworthy_art https://t.co/sd3FznTOem",0
"With past performance like this, how can you not sign up for a Free 10-day trial to https://t.co/dciVAHNRLf? Winning Option Swing Trades Since 2006  $AMZN $GOOGL $NFLX $FB $AAPL",1
"@HillaryClinton @JoeBiden 3 perverts. #metoo FOUNDATION -- all tax-free

$DJIA $SPX $NDX $IWM $AMZN $GOOGL $GS $FB $TWTR https://t.co/IwndRrSqLL",2
"$spy $gspc $aapl $nflx $goog $tsla Financial stocks reverse course, as J.P. Morgan and Wells Fargo shares swing to losses  https://t.co/6NRdAue7ZU",2
Pilots in Pakistan air crash distracted by ... $AAPL $AMZN $BTC $ETH $FB $GOOG $MSFT $QQQ $SPY $TSLA #cnbc #foxbusiness #business #money #entrepreneur #trading #investing #investment #stock #stockmarket #forex #crypto #cryptocurrency #Bitcoin #Ethereum #Coinbase #Robinhood https://t.co/8f5TNzCEOd,2
"$es $es_f 4hr chart. Nice consolidation going on, I wouldn't be surprised to see this upward trend break, then get the next leg push higher. Something I am actually looking for. GL $spy $spx I am holding a partial position in 360c $nvda 

$nvda $amzn $ba $aapl $googl $nflx $roku https://t.co/u97Mx4iqCp",1
"#SelfieCompassion: Bill Clinton ""I feel your pain"" from Rich White #NeverTrump 1% Elitists @DNC. Ditto Parasites like $23 billion Leona Laurene Jobs at $AAPL $AMZN $FB $VZ $BA $MSFT $GE $GOOGL $IBM Bob Iger $DIS $ACN $CTSH $TCS $WIT $HCL $T $VZ $CERN #Cerner Deloitte Consulting https://t.co/J68D9Ynats",1
$GOOG #patent 20200177664 SYSTEMS AND METHODS FOR ACCESSING MULTIPLE RESOURCES VIA ONE IDENTIFIER #tech #IP #research https://t.co/QGn9UTcRuQ,0
"RT @m0322701: Market caps:

$AMZN - 1380B USD
$GOOGL - 997.06B USD
$LINK - 1.68B USD

Early is an understatement.",0
"$AVGO $ZM $HPQ $GE $PINS $PENN $SPCE $BAC $QQQ $DOW $ACB $UAA $WFC $ETSY $RCS $NFLX $AMZN $TOL $DIS $EBAY $DJI $ORCL $INTC $HPQ $GOOGL $BRK.A $TCS $INFY
Get instant updates and free trading analysis click here https://t.co/USlOOzZoZk https://t.co/SkM1BckY2Y",0
$SPY $SPX $QQQ $USO $UCO $SCO $ES_F $NQ_F $RTY_F $ZB_F $GC_F $NDX $RUT $AAPL $NFLX $AMZN $SHOP $CHWY $ZM $BA $TSLA $FB $MSFT $DIA $IWM $QCOM $GDX $DAX $BYND $TWTR $GLD $SLV $GE_F $BABA $TLT $LYFT $VXX $TVIX $VIX $XLE $XOM $JPM $GS $GOOG $DIS $IBM #Options #Stocks #NASDAQ #SPY https://t.co/IxsXdJ8l9M https://t.co/46qdAnNON8,0
FedEx removed its branding from NASCAR's Denny ... $AAPL $AMZN $BTC $ETH $FB $GOOG $MSFT $QQQ $SPY $TSLA #cnbc #foxbusiness #business #money #entrepreneur #trading #investing #investment #stock #stockmarket #forex #crypto #cryptocurrency #Bitcoin #Ethereum #Coinbase #Robinhood https://t.co/oiMjKwmrUl,2
"RT @ToneVays: With only 1 hour to go, $SPX is on a Trifecta of a Rejection.
1. Perfected to TD Sell (Also many stocks like $AAPL, $GOOG, $F‚Ä¶",2
RT @BWUIC: $AAPL $AAPL $GOOG - DOJ's Apple probe focusing on App Store payment rules - Bloomberg https://t.co/L23LWK2bHy,0
"RT @winstapro: ES_F stuck in the range. Let see if it holds 3140

$ES $SPX $AAPL $AMZN $BA $FB $GOOGL $NFLX $NVDA $TSLA $ROKU $SPOT $SHOP $‚Ä¶",2
@Microsoft $AAPL $AMZN $BTC $ETH $FB $GOOG $QQQ $SPY $TSLA https://t.co/MbysAmfhaB #money #entrepreneur #trading #investing #stock #stockmarket #forex #crypto #Bitcoin #Coinbase #Robinhood,0
@SlowdownAhead @BluedeerC $msft $goog $FB earnings and their positive tone means nothing. They are hugely dependent on macro economy and should not be the ones we lean on to forecast economy.,1
"$AAPL ..

Why INVEST in $ZM !! LT!!

We R and will live in a New WORLD
&amp; $ZM will be a part of our lives!

$GOOGL going to acquire $ZM sooner or later ! https://t.co/nOFqlMTNej",2
Phoenix protesters demand answers after police ... $AAPL $AMZN $BTC $ETH $FB $GOOG $MSFT $QQQ $SPY $TSLA #cnbc #foxbusiness #business #money #entrepreneur #trading #investing #investment #stock #stockmarket #forex #crypto #cryptocurrency #Bitcoin #Ethereum #Coinbase #Robinhood https://t.co/yDKITrQj8j,2
RT @musicnews360: Wisconsin senator proposes replacing Columbus ... $AAPL $AMZN $BTC $ETH $FB $GOOG $MSFT $QQQ $SPY $TSLA #cnbc #foxbusines‚Ä¶,0
üò≥üò∑ü§¢ $SPY $SPX $QQQ $IWM $DJI $AAPL $TSLA $FB $AMZN $GS $JPM $BAC $C $GOOGL $SPOT $XLE $BA $BABA $UVXY $LYFT $CMG #ES_F #coronavirus #COVID19 #BREAKING #bitcoin https://t.co/RXphnpS5eX,0
"$MSFT Microsoft all time highs
$AMZN Amazon all time highs 
$NFLX Netflix all time highs
$FB Facebook all time highs
$APPL Apple all time highs
$GOOGL Google nearly all time highs
Talk about the big boys doing the heavy lifting",1
$spy $gspc $aapl $nflx $goog $tsla Wells Fargo's 'idiosyncratic' Gap upgrade due to Athleta and real estate value  https://t.co/KXXTKR52MT,1
"Mindful Tip #015: Each losing trade is an opportunity to learn. #TradingPsychology #Perspective 

Follow us for daily powerful trading psychology!

$spy $qqq $dia $tvix $aapl $amzn $goog $msft $zm $tlry $cgc $gsx $tsla $lyft $work $spce",1
"RT @charliebilello: Big tech returns in 2008...
$MSFT: -44%
$AAPL: -57%
$GOOGL: -56%
$AMZN: -45%

Returns in 2020...
$MSFT: +14%
$AAPL: -3%‚Ä¶",0
"Asia Pacific stocks higher ahead of U.S. jobs report; airline stocks mostly soar.

$AMZN $AAPL $AMD $BA $BABA $FB $CRM $DDOG $TGT $GOOGL $ROKU $TSLA $SPX $SPY $TDOC $COST $ZM $GILD $USO $NVDA $ROKU $BYND $NFLX",1
"So long, focus groups. Here‚Äôs everything you need to know about the new data that‚Äôs directing Hollywood - $viac $cmcsa $dis $nflx $aapl $t $sne $roku $amzn $disca $lgf $twtr $fox $fb $goog $snap $stx $mgm https://t.co/Hpa5PTk37E",1
"RT @ReutersBiz: Australia to force Facebook and Google to share advertising revenue with local media firms, becoming one of the first count‚Ä¶",2
RT @AmericanBanking: Jefferies Financial Group Reaffirms ‚ÄúBuy‚Äù Rating for Alphabet $GOOG https://t.co/r2A7GeIc6F #stocks,0
Don't miss our next FREE OPTION TRADE.  Sign up for our Daily Free Trades at https://t.co/Jygh6huARA $NVDA $TSLA $GS $REGN $BAC $GOOGL $FB,1
"Bloomberg: Investors Are Spending Fresh Billions #Hedging Market Mania. $VIX $SPY $SPX $ES_F
https://t.co/98BuOZAVdJ

via @GoogleNews",1
"$ES - 2nd BIG WIN of the day

Short ES at 3167  Exit = 3150 (partial)

Profit = 17 ES pts = $850

#algotrade #eosalgotrade $SPX $SPY $AMZN $AAPL $AMD $FB $SHOP $BYND $NVDA $GOOGL $MSFT $TSLA $BA $CMG $INTC $NFLX $JPM $BAC $YM $YM_F $NQ $NQ_F $ES $ES_F $GC $GLD $QQQ https://t.co/RrLAkUQXpU",1
@GreenTeamToad @Stockcratez Thanks for sharing AI is the future and Google and Fidelity deals are MASSIVE! $GOOG $GOOGL $FIS $SSFT,1
"RT @stonksrus: $twtr $msft $amzn $qqq $fb $nflx $xspa $googl $mrna
$penn $nvda $aapl $spy $spx #Futures $bynd $mark $xspa

What it is ain't‚Ä¶",0
"#Stocks by Rockers. Rush, lyrics by Peart - Lessons taught but never learned.
All around us anger burns.
Guide the future by the past.
Long ago the mold was cast.

#knowyourlevels #makeitrain 
#patience
$DIA $SPX $SPY $QQQ $IWM $TSLA $FB $AAPL $AMZN $NVDA $NFLX $GOOG #FANG #BANG",2
"$spy $gspc $aapl $nflx $goog $tsla COVID-19 case tally: 3.97 million cases, 275,527 deaths  https://t.co/GvKAPtnitZ",0
IMO $GOOG guide is going to be terrible on the call https://t.co/td2Bz0STaq,2
@RichLightShed $GOOG needs to buy $ROKU - get off their wallet and do something useful.,1
"High Risk $ABBV Walks Away From #Allergan 

$aapl $amzn $agn $brk $bhc $ba $cat $ge $gm $hlf $iep $crm $cmg $googl $jnj $wfc $bac $ms $gs $jpm $c $cs $msft $nflx $fb $tst $qsr $hd $tsla $ko $ibm $pep $mnst $abbv $pfe https://t.co/AmOkTdTVFQ",2
"@LennyIce Interesting. My instinct was: to be on page 1 or 2, you have to pay the toll man (the 'e-tailer') via marketing spend. $AMZN can execute pieces of $GOOGL playbook over time. Related, I always found it odd the discrepancy between Europe vs. USA in terms of private label adoption.",2
"RT @Madison89421615: $GOLD / $SILVER 50MA Bounce (Weekly)

$work $docu $okta $msft $aapl $fb $amzn $nflx $googl $spot $twlo $twtr $uber $ly‚Ä¶",1
RT @Sandro_power: $AAPL $GOOGL we made good gains following the rules not as much as we wanted to but good gains with skill. If you want to‚Ä¶,1
"CANCEL DEUTSCHE BANK $DB NOW! = #CHOMOBANK

REAL #AMERICANS BANK #USA 
$GOLD $JPM $GS $BAC $C $MS

$wmt $cvs $fb $aapl $nflx $googl $amzn $ibb $eem $pg $t $jnj $z $botz $msft $lulu $ibm $tsla $crm $pep $f $ge $pton $hd $jnj $cat $vix $xlf $mkc $rl $tgt $a

https://t.co/VxlYxnIDi7",2
"Strong Stocks  watch-list for trading on June 24, 2020 $QQQ $SPY $IWM @tradealike #success #trading #options #stock #investing
$GOOGL $BLK $CLX $V $DG $KMB $ZTS $TGT $CL $SNE https://t.co/iOTkDb14uk",1
$TWTR $FB $GOOG - Trump order to enable punishment for social media - WP https://t.co/MJcmwbTYlq,2
"Eeryone loading up here ? 
Load the boat 
$AAPL 450-500
$TSLA 1800
$BA 500
$AMZN 4000 
$GOOGL 2000
$HTZ 20++
bookmark this @me after the next 2 Fed infusions",0
@CleeStuntin Let's make some money $AAPL $MSFT $AMZN $FB $NFLX $GOOGL $AMD $ZM $BYND $BA $BABA $DAL $WMT $HD $TSLA $QQQ $SPY $BA $NVDA,1
"My IRA +47% YTD gain breakdown

Stock 64%
Options 36%

Realized 82%
Unrealized 18%

Top contributors 
‚ùáÔ∏è Stocks
$NVDA 19% (of course, right?)
$TSLA 9%
$TTD 9%
$NVTA 8%
$BA 7%

‚ùáÔ∏è Options
$GOOGL 11%
$AMZN 10%
$SPY 5%
$BAC 4%
$GS 3%

Misc 13% https://t.co/fRbCcyaM66",1
RT @chigrl: S&amp;P500 now more concentrated in the 5 largest stocks than ever $MSFT $AAPL $FB $GOOGL $AMZN https://t.co/0W1mMCWQ59,0
Google Zero clicks are killing Wikipedia. h/t @hackernoon #Google #search #Wikipedia #stocks #organicsearch #SEO #zeroclicks https://t.co/BqvMbhGowW https://t.co/TtcsJOlnNX,2
RT @permanentcap: Google/Alphabet $GOOG almost literally lights their cash on fire (other bets) to hide the profitability of the search bus‚Ä¶,1
"Trump Was Behind On Jobs Goals Before The Virus Leading Me To Wonder If He's Behind The Virus.
$aapl $amzn $agn $brk $bhc $ba $cat $f $ge $gm $hlf $iep $crm $cmg $googl $jnj $wfc $bac $ms $gs $jpm $c $cs $msft $nflx $fb $tst $qsr $hd $tsla $ko $ibm $pep $mnst $cat $unh  $pfe $cpe https://t.co/J0B4ajXo61 https://t.co/ias9PCpcfc",1
"From the makers of the MP3 codec‚Ä¶ imagine the reduction in streaming costs for #NFLX, $AKAM, $GOOG, etc. https://t.co/HNP2Z2sJCf",0
Read alot of people shorting $GOOG into earnings wonder if they have the grapes to explain themselves.,2
Flush ALREADY! üòä $SPY $SPX $QQQ $IWM $DJI $AAPL $TSLA $FB $AMZN $GS $JPM $BAC $C $GOOGL $SPOT $XLE $BA $BABA $UVXY $LYFT $CMG #ES_F #STOCKMARKET $ZM $MA #STONKS #STOCKSTOWATCH #PENNYSTOCKS https://t.co/gJDSaHNzdE,0
$GOOG #patent 20200127702 Data over Power Line Design #tech #IP #research https://t.co/0AnI8JcFQ3,0
StanChart and RBS struggle in Bank of England stress tests,2
Nasdaq Sets Up for Breakout Part II | via @AllStarCharts http://stks.co/15Nv  $GOOG $AMZN $QCOM,1
$GOOG breakout very likely medium target $700+ http://stks.co/1Lpz http://chart.ly/lgb94rr,1
"Google, Inc. completes acquisition of ICOA, Inc. http://stks.co/nFEI $ICOA $GOOG",1
$GOOG resistance turned support?  It,1
$SPY Tomorrow party time for the Bears!! $GOOG and $MSFT -5.5%,2
$GOOG Testing the 200 day after some consolidation http://stks.co/h0cPJ,1
$GOOGL Hit With Lawsuit from Russian Search Engine $YNDX http://stks.co/b1kD8,2
Why Alphabet Inc was just upgraded to buy https://t.co/dEVnLKhqtZ $GOOGL,1
Pivotal Research upgrading $GOOGL to buy.  https://t.co/LSahepdqhD    #stocktrading,1
Most bullish stocks on Twitter during this dip. $YHOO $GDX $GOOGL $STZ $GOLD $EW $VZ $CELG $SBUX $SCTY more: https://t.co/iuZJelfwt3,1
Followed the levels I shared with you on $NFLX $GOOGL $TSLA calls for nice gains. Still holding $FB 110 calls. Week made in a morning.,1
5-star analyst @brianwieser from Pivotal Research upgraded rating on $GOOGL to BUY. Brian has a 79% success rate https://t.co/t0dn02EOH5,1
$GOOGL is a short below 740 into the upper BB and is overbought,2
Thank you $GOOG (Google Alphabet) and $FB (Facebook) stocks! What a nice reversal.,1
$GOOGL gets an upgrade price target $970,1
$SAP Q1 disappoints as #software licenses down. Real problem? #Cloud growth trails $MSFT $ORCL $GOOG $CRM $ADBE https://t.co/jNDphllzq5,2
$GOOGL is setting up above its 50-day moving average. https://t.co/tTm9RnFoXJ,1
Academics claim Google Android two-factor authentication is breakable. #security #authentication #hacking $goog https://t.co/nJx4mnrGLo,2
Why $TWTR is doomed in 1 chart $FB $GOOG  https://t.co/MpyLiReQjh https://t.co/nlcZawDoHP,2
Coke dividend - 3%. Google dividend - 0%. For passive income Coke takes it. $GOOG $KO https://t.co/QBsoWjxOST,2
